This is XeTeX, Version 3.141592653-2.6-0.999997 (TeX Live 2025) (preloaded format=xelatex 2025.9.26)  19 OCT 2025 20:44
entering extended mode
 restricted \write18 enabled.
 %&-line parsing enabled.
**abstractENG.tex
(./abstractENG.tex
LaTeX2e <2024-11-01> patch level 2
L3 programming layer <2025-01-18>

! LaTeX Error: Missing \begin{document}.

See the LaTeX manual or LaTeX Companion for explanation.
Type  H <return>  for immediate help.
 ...                                              
                                                  
l.1 T
     his thesis documents the design, development, and evaluation of a three...

You're in trouble here.  Try typing  <return>  to proceed.
If that doesn't work, type  X <return>  to quit.

Missing character: There is no T ("54) in font nullfont!
Missing character: There is no h ("68) in font nullfont!
Missing character: There is no i ("69) in font nullfont!
Missing character: There is no s ("73) in font nullfont!
Missing character: There is no t ("74) in font nullfont!
Missing character: There is no h ("68) in font nullfont!
Missing character: There is no e ("65) in font nullfont!
Missing character: There is no s ("73) in font nullfont!
Missing character: There is no i ("69) in font nullfont!
Missing character: There is no s ("73) in font nullfont!
Missing character: There is no d ("64) in font nullfont!
Missing character: There is no o ("6F) in font nullfont!
Missing character: There is no c ("63) in font nullfont!
Missing character: There is no u ("75) in font nullfont!
Missing character: There is no m ("6D) in font nullfont!
Missing character: There is no e ("65) in font nullfont!
Missing character: There is no n ("6E) in font nullfont!
Missing character: There is no t ("74) in font nullfont!
Missing character: There is no s ("73) in font nullfont!
Missing character: There is no t ("74) in font nullfont!
Missing character: There is no h ("68) in font nullfont!
Missing character: There is no e ("65) in font nullfont!
Missing character: There is no d ("64) in font nullfont!
Missing character: There is no e ("65) in font nullfont!
Missing character: There is no s ("73) in font nullfont!
Missing character: There is no i ("69) in font nullfont!
Missing character: There is no g ("67) in font nullfont!
Missing character: There is no n ("6E) in font nullfont!
Missing character: There is no , ("2C) in font nullfont!
Missing character: There is no d ("64) in font nullfont!
Missing character: There is no e ("65) in font nullfont!
Missing character: There is no v ("76) in font nullfont!
Missing character: There is no e ("65) in font nullfont!
Missing character: There is no l ("6C) in font nullfont!
Missing character: There is no o ("6F) in font nullfont!
Missing character: There is no p ("70) in font nullfont!
Missing character: There is no m ("6D) in font nullfont!
Missing character: There is no e ("65) in font nullfont!
Missing character: There is no n ("6E) in font nullfont!
Missing character: There is no t ("74) in font nullfont!
Missing character: There is no , ("2C) in font nullfont!
Missing character: There is no a ("61) in font nullfont!
Missing character: There is no n ("6E) in font nullfont!
Missing character: There is no d ("64) in font nullfont!
Missing character: There is no e ("65) in font nullfont!
Missing character: There is no v ("76) in font nullfont!
Missing character: There is no a ("61) in font nullfont!
Missing character: There is no l ("6C) in font nullfont!
Missing character: There is no u ("75) in font nullfont!
Missing character: There is no a ("61) in font nullfont!
Missing character: There is no t ("74) in font nullfont!
Missing character: There is no i ("69) in font nullfont!
Missing character: There is no o ("6F) in font nullfont!
Missing character: There is no n ("6E) in font nullfont!
Missing character: There is no o ("6F) in font nullfont!
Missing character: There is no f ("66) in font nullfont!
Missing character: There is no a ("61) in font nullfont!
Missing character: There is no t ("74) in font nullfont!
Missing character: There is no h ("68) in font nullfont!
Missing character: There is no r ("72) in font nullfont!
Missing character: There is no e ("65) in font nullfont!
Missing character: There is no e ("65) in font nullfont!
Missing character: There is no - ("2D) in font nullfont!
Missing character: There is no t ("74) in font nullfont!
Missing character: There is no i ("69) in font nullfont!
Missing character: There is no e ("65) in font nullfont!
Missing character: There is no r ("72) in font nullfont!
Missing character: There is no E ("45) in font nullfont!
Missing character: There is no n ("6E) in font nullfont!
Missing character: There is no t ("74) in font nullfont!
Missing character: There is no e ("65) in font nullfont!
Missing character: There is no r ("72) in font nullfont!
Missing character: There is no p ("70) in font nullfont!
Missing character: There is no r ("72) in font nullfont!
Missing character: There is no i ("69) in font nullfont!
Missing character: There is no s ("73) in font nullfont!
Missing character: There is no e ("65) in font nullfont!
Missing character: There is no R ("52) in font nullfont!
Missing character: There is no e ("65) in font nullfont!
Missing character: There is no s ("73) in font nullfont!
Missing character: There is no o ("6F) in font nullfont!
Missing character: There is no u ("75) in font nullfont!
Missing character: There is no r ("72) in font nullfont!
Missing character: There is no c ("63) in font nullfont!
Missing character: There is no e ("65) in font nullfont!
Missing character: There is no P ("50) in font nullfont!
Missing character: There is no l ("6C) in font nullfont!
Missing character: There is no a ("61) in font nullfont!
Missing character: There is no n ("6E) in font nullfont!
Missing character: There is no n ("6E) in font nullfont!
Missing character: There is no i ("69) in font nullfont!
Missing character: There is no n ("6E) in font nullfont!
Missing character: There is no g ("67) in font nullfont!
Missing character: There is no ( ("28) in font nullfont!
Missing character: There is no E ("45) in font nullfont!
Missing character: There is no R ("52) in font nullfont!
Missing character: There is no P ("50) in font nullfont!
Missing character: There is no ) ("29) in font nullfont!
Missing character: There is no s ("73) in font nullfont!
Missing character: There is no y ("79) in font nullfont!
Missing character: There is no s ("73) in font nullfont!
Missing character: There is no t ("74) in font nullfont!
Missing character: There is no e ("65) in font nullfont!
Missing character: There is no m ("6D) in font nullfont!
Missing character: There is no p ("70) in font nullfont!
Missing character: There is no r ("72) in font nullfont!
Missing character: There is no o ("6F) in font nullfont!
Missing character: There is no t ("74) in font nullfont!
Missing character: There is no o ("6F) in font nullfont!
Missing character: There is no t ("74) in font nullfont!
Missing character: There is no y ("79) in font nullfont!
Missing character: There is no p ("70) in font nullfont!
Missing character: There is no e ("65) in font nullfont!
Missing character: There is no s ("73) in font nullfont!
Missing character: There is no p ("70) in font nullfont!
Missing character: There is no e ("65) in font nullfont!
Missing character: There is no c ("63) in font nullfont!
Missing character: There is no i ("69) in font nullfont!
Missing character: There is no f ("66) in font nullfont!
Missing character: There is no i ("69) in font nullfont!
Missing character: There is no c ("63) in font nullfont!
Missing character: There is no a ("61) in font nullfont!
Missing character: There is no l ("6C) in font nullfont!
Missing character: There is no l ("6C) in font nullfont!
Missing character: There is no y ("79) in font nullfont!
Missing character: There is no e ("65) in font nullfont!
Missing character: There is no n ("6E) in font nullfont!
Missing character: There is no g ("67) in font nullfont!
Missing character: There is no i ("69) in font nullfont!
Missing character: There is no n ("6E) in font nullfont!
Missing character: There is no e ("65) in font nullfont!
Missing character: There is no e ("65) in font nullfont!
Missing character: There is no r ("72) in font nullfont!
Missing character: There is no e ("65) in font nullfont!
Missing character: There is no d ("64) in font nullfont!
Missing character: There is no t ("74) in font nullfont!
Missing character: There is no o ("6F) in font nullfont!
Missing character: There is no m ("6D) in font nullfont!
Missing character: There is no e ("65) in font nullfont!
Missing character: There is no e ("65) in font nullfont!
Missing character: There is no t ("74) in font nullfont!
Missing character: There is no t ("74) in font nullfont!
Missing character: There is no h ("68) in font nullfont!
Missing character: There is no e ("65) in font nullfont!
Missing character: There is no o ("6F) in font nullfont!
Missing character: There is no p ("70) in font nullfont!
Missing character: There is no e ("65) in font nullfont!
Missing character: There is no r ("72) in font nullfont!
Missing character: There is no a ("61) in font nullfont!
Missing character: There is no t ("74) in font nullfont!
Missing character: There is no i ("69) in font nullfont!
Missing character: There is no o ("6F) in font nullfont!
Missing character: There is no n ("6E) in font nullfont!
Missing character: There is no a ("61) in font nullfont!
Missing character: There is no l ("6C) in font nullfont!
Missing character: There is no a ("61) in font nullfont!
Missing character: There is no n ("6E) in font nullfont!
Missing character: There is no d ("64) in font nullfont!
Missing character: There is no f ("66) in font nullfont!
Missing character: There is no i ("69) in font nullfont!
Missing character: There is no n ("6E) in font nullfont!
Missing character: There is no a ("61) in font nullfont!
Missing character: There is no n ("6E) in font nullfont!
Missing character: There is no c ("63) in font nullfont!
Missing character: There is no i ("69) in font nullfont!
Missing character: There is no a ("61) in font nullfont!
Missing character: There is no l ("6C) in font nullfont!
Missing character: There is no c ("63) in font nullfont!
Missing character: There is no o ("6F) in font nullfont!
Missing character: There is no n ("6E) in font nullfont!
Missing character: There is no t ("74) in font nullfont!
Missing character: There is no r ("72) in font nullfont!
Missing character: There is no o ("6F) in font nullfont!
Missing character: There is no l ("6C) in font nullfont!
Missing character: There is no n ("6E) in font nullfont!
Missing character: There is no e ("65) in font nullfont!
Missing character: There is no e ("65) in font nullfont!
Missing character: There is no d ("64) in font nullfont!
Missing character: There is no s ("73) in font nullfont!
Missing character: There is no o ("6F) in font nullfont!
Missing character: There is no f ("66) in font nullfont!
Missing character: There is no s ("73) in font nullfont!
Missing character: There is no m ("6D) in font nullfont!
Missing character: There is no a ("61) in font nullfont!
Missing character: There is no l ("6C) in font nullfont!
Missing character: There is no l ("6C) in font nullfont!
Missing character: There is no t ("74) in font nullfont!
Missing character: There is no o ("6F) in font nullfont!
Missing character: There is no m ("6D) in font nullfont!
Missing character: There is no e ("65) in font nullfont!
Missing character: There is no d ("64) in font nullfont!
Missing character: There is no i ("69) in font nullfont!
Missing character: There is no u ("75) in font nullfont!
Missing character: There is no m ("6D) in font nullfont!
Missing character: There is no - ("2D) in font nullfont!
Missing character: There is no s ("73) in font nullfont!
Missing character: There is no i ("69) in font nullfont!
Missing character: There is no z ("7A) in font nullfont!
Missing character: There is no e ("65) in font nullfont!
Missing character: There is no d ("64) in font nullfont!
Missing character: There is no e ("65) in font nullfont!
Missing character: There is no n ("6E) in font nullfont!
Missing character: There is no t ("74) in font nullfont!
Missing character: There is no e ("65) in font nullfont!
Missing character: There is no r ("72) in font nullfont!
Missing character: There is no p ("70) in font nullfont!
Missing character: There is no r ("72) in font nullfont!
Missing character: There is no i ("69) in font nullfont!
Missing character: There is no s ("73) in font nullfont!
Missing character: There is no e ("65) in font nullfont!
Missing character: There is no s ("73) in font nullfont!
Missing character: There is no ( ("28) in font nullfont!
Missing character: There is no S ("53) in font nullfont!
Missing character: There is no M ("4D) in font nullfont!
Missing character: There is no E ("45) in font nullfont!
Missing character: There is no s ("73) in font nullfont!
Missing character: There is no ) ("29) in font nullfont!
Missing character: There is no . ("2E) in font nullfont!
Missing character: There is no T ("54) in font nullfont!
Missing character: There is no h ("68) in font nullfont!
Missing character: There is no e ("65) in font nullfont!
Missing character: There is no p ("70) in font nullfont!
Missing character: There is no r ("72) in font nullfont!
Missing character: There is no o ("6F) in font nullfont!
Missing character: There is no j ("6A) in font nullfont!
Missing character: There is no e ("65) in font nullfont!
Missing character: There is no c ("63) in font nullfont!
Missing character: There is no t ("74) in font nullfont!
Missing character: There is no a ("61) in font nullfont!
Missing character: There is no d ("64) in font nullfont!
Missing character: There is no d ("64) in font nullfont!
Missing character: There is no r ("72) in font nullfont!
Missing character: There is no e ("65) in font nullfont!
Missing character: There is no s ("73) in font nullfont!
Missing character: There is no s ("73) in font nullfont!
Missing character: There is no e ("65) in font nullfont!
Missing character: There is no s ("73) in font nullfont!
Missing character: There is no t ("74) in font nullfont!
Missing character: There is no h ("68) in font nullfont!
Missing character: There is no e ("65) in font nullfont!
Missing character: There is no p ("70) in font nullfont!
Missing character: There is no r ("72) in font nullfont!
Missing character: There is no e ("65) in font nullfont!
Missing character: There is no v ("76) in font nullfont!
Missing character: There is no a ("61) in font nullfont!
Missing character: There is no l ("6C) in font nullfont!
Missing character: There is no e ("65) in font nullfont!
Missing character: There is no n ("6E) in font nullfont!
Missing character: There is no t ("74) in font nullfont!
Missing character: There is no i ("69) in font nullfont!
Missing character: There is no s ("73) in font nullfont!
Missing character: There is no s ("73) in font nullfont!
Missing character: There is no u ("75) in font nullfont!
Missing character: There is no e ("65) in font nullfont!
Missing character: There is no o ("6F) in font nullfont!
Missing character: There is no f ("66) in font nullfont!
Missing character: There is no f ("66) in font nullfont!
Missing character: There is no r ("72) in font nullfont!
Missing character: There is no a ("61) in font nullfont!
Missing character: There is no g ("67) in font nullfont!
Missing character: There is no m ("6D) in font nullfont!
Missing character: There is no e ("65) in font nullfont!
Missing character: There is no n ("6E) in font nullfont!
Missing character: There is no t ("74) in font nullfont!
Missing character: There is no e ("65) in font nullfont!
Missing character: There is no d ("64) in font nullfont!
Missing character: There is no d ("64) in font nullfont!
Missing character: There is no a ("61) in font nullfont!
Missing character: There is no t ("74) in font nullfont!
Missing character: There is no a ("61) in font nullfont!
Missing character: There is no a ("61) in font nullfont!
Missing character: There is no n ("6E) in font nullfont!
Missing character: There is no d ("64) in font nullfont!
Missing character: There is no i ("69) in font nullfont!
Missing character: There is no n ("6E) in font nullfont!
Missing character: There is no e ("65) in font nullfont!
Missing character: There is no f ("66) in font nullfont!
Missing character: There is no f ("66) in font nullfont!
Missing character: There is no i ("69) in font nullfont!
Missing character: There is no c ("63) in font nullfont!
Missing character: There is no i ("69) in font nullfont!
Missing character: There is no e ("65) in font nullfont!
Missing character: There is no n ("6E) in font nullfont!
Missing character: There is no t ("74) in font nullfont!
Missing character: There is no w ("77) in font nullfont!
Missing character: There is no o ("6F) in font nullfont!
Missing character: There is no r ("72) in font nullfont!
Missing character: There is no k ("6B) in font nullfont!
Missing character: There is no f ("66) in font nullfont!
Missing character: There is no l ("6C) in font nullfont!
Missing character: There is no o ("6F) in font nullfont!
Missing character: There is no w ("77) in font nullfont!
Missing character: There is no s ("73) in font nullfont!
Missing character: There is no i ("69) in font nullfont!
Missing character: There is no n ("6E) in font nullfont!
Missing character: There is no g ("67) in font nullfont!
Missing character: There is no r ("72) in font nullfont!
Missing character: There is no o ("6F) in font nullfont!
Missing character: There is no w ("77) in font nullfont!
Missing character: There is no i ("69) in font nullfont!
Missing character: There is no n ("6E) in font nullfont!
Missing character: There is no g ("67) in font nullfont!
Missing character: There is no b ("62) in font nullfont!
Missing character: There is no u ("75) in font nullfont!
Missing character: There is no s ("73) in font nullfont!
Missing character: There is no i ("69) in font nullfont!
Missing character: There is no n ("6E) in font nullfont!
Missing character: There is no e ("65) in font nullfont!
Missing character: There is no s ("73) in font nullfont!
Missing character: There is no s ("73) in font nullfont!
Missing character: There is no e ("65) in font nullfont!
Missing character: There is no s ("73) in font nullfont!
Missing character: There is no b ("62) in font nullfont!
Missing character: There is no y ("79) in font nullfont!
Missing character: There is no i ("69) in font nullfont!
Missing character: There is no n ("6E) in font nullfont!
Missing character: There is no t ("74) in font nullfont!
Missing character: There is no e ("65) in font nullfont!
Missing character: There is no g ("67) in font nullfont!
Missing character: There is no r ("72) in font nullfont!
Missing character: There is no a ("61) in font nullfont!
Missing character: There is no t ("74) in font nullfont!
Missing character: There is no i ("69) in font nullfont!
Missing character: There is no n ("6E) in font nullfont!
Missing character: There is no g ("67) in font nullfont!
Missing character: There is no c ("63) in font nullfont!
Missing character: There is no o ("6F) in font nullfont!
Missing character: There is no r ("72) in font nullfont!
Missing character: There is no e ("65) in font nullfont!
Missing character: There is no f ("66) in font nullfont!
Missing character: There is no u ("75) in font nullfont!
Missing character: There is no n ("6E) in font nullfont!
Missing character: There is no c ("63) in font nullfont!
Missing character: There is no t ("74) in font nullfont!
Missing character: There is no i ("69) in font nullfont!
Missing character: There is no o ("6F) in font nullfont!
Missing character: There is no n ("6E) in font nullfont!
Missing character: There is no s ("73) in font nullfont!
Missing character: There is no — ("2014) in font nullfont!
Missing character: There is no P ("50) in font nullfont!
Missing character: There is no a ("61) in font nullfont!
Missing character: There is no r ("72) in font nullfont!
Missing character: There is no t ("74) in font nullfont!
Missing character: There is no n ("6E) in font nullfont!
Missing character: There is no e ("65) in font nullfont!
Missing character: There is no r ("72) in font nullfont!
Missing character: There is no M ("4D) in font nullfont!
Missing character: There is no a ("61) in font nullfont!
Missing character: There is no n ("6E) in font nullfont!
Missing character: There is no a ("61) in font nullfont!
Missing character: There is no g ("67) in font nullfont!
Missing character: There is no e ("65) in font nullfont!
Missing character: There is no m ("6D) in font nullfont!
Missing character: There is no e ("65) in font nullfont!
Missing character: There is no n ("6E) in font nullfont!
Missing character: There is no t ("74) in font nullfont!
Missing character: There is no , ("2C) in font nullfont!
Missing character: There is no P ("50) in font nullfont!
Missing character: There is no r ("72) in font nullfont!
Missing character: There is no o ("6F) in font nullfont!
Missing character: There is no d ("64) in font nullfont!
Missing character: There is no u ("75) in font nullfont!
Missing character: There is no c ("63) in font nullfont!
Missing character: There is no t ("74) in font nullfont!
Missing character: There is no & ("26) in font nullfont!
Missing character: There is no S ("53) in font nullfont!
Missing character: There is no t ("74) in font nullfont!
Missing character: There is no o ("6F) in font nullfont!
Missing character: There is no c ("63) in font nullfont!
Missing character: There is no k ("6B) in font nullfont!
Missing character: There is no C ("43) in font nullfont!
Missing character: There is no o ("6F) in font nullfont!
Missing character: There is no n ("6E) in font nullfont!
Missing character: There is no t ("74) in font nullfont!
Missing character: There is no r ("72) in font nullfont!
Missing character: There is no o ("6F) in font nullfont!
Missing character: There is no l ("6C) in font nullfont!
Missing character: There is no , ("2C) in font nullfont!
Missing character: There is no P ("50) in font nullfont!
Missing character: There is no u ("75) in font nullfont!
Missing character: There is no r ("72) in font nullfont!
Missing character: There is no c ("63) in font nullfont!
Missing character: There is no h ("68) in font nullfont!
Missing character: There is no a ("61) in font nullfont!
Missing character: There is no s ("73) in font nullfont!
Missing character: There is no i ("69) in font nullfont!
Missing character: There is no n ("6E) in font nullfont!
Missing character: There is no g ("67) in font nullfont!
Missing character: There is no , ("2C) in font nullfont!
Missing character: There is no a ("61) in font nullfont!
Missing character: There is no n ("6E) in font nullfont!
Missing character: There is no d ("64) in font nullfont!
Missing character: There is no S ("53) in font nullfont!
Missing character: There is no a ("61) in font nullfont!
Missing character: There is no l ("6C) in font nullfont!
Missing character: There is no e ("65) in font nullfont!
Missing character: There is no s ("73) in font nullfont!
Missing character: There is no — ("2014) in font nullfont!
Missing character: There is no i ("69) in font nullfont!
Missing character: There is no n ("6E) in font nullfont!
Missing character: There is no t ("74) in font nullfont!
Missing character: There is no o ("6F) in font nullfont!
Missing character: There is no a ("61) in font nullfont!
Missing character: There is no s ("73) in font nullfont!
Missing character: There is no i ("69) in font nullfont!
Missing character: There is no n ("6E) in font nullfont!
Missing character: There is no g ("67) in font nullfont!
Missing character: There is no u ("75) in font nullfont!
Missing character: There is no l ("6C) in font nullfont!
Missing character: There is no a ("61) in font nullfont!
Missing character: There is no r ("72) in font nullfont!
Missing character: There is no , ("2C) in font nullfont!
Missing character: There is no c ("63) in font nullfont!
Missing character: There is no o ("6F) in font nullfont!
Missing character: There is no h ("68) in font nullfont!
Missing character: There is no e ("65) in font nullfont!
Missing character: There is no s ("73) in font nullfont!
Missing character: There is no i ("69) in font nullfont!
Missing character: There is no v ("76) in font nullfont!
Missing character: There is no e ("65) in font nullfont!
Missing character: There is no p ("70) in font nullfont!
Missing character: There is no l ("6C) in font nullfont!
Missing character: There is no a ("61) in font nullfont!
Missing character: There is no t ("74) in font nullfont!
Missing character: There is no f ("66) in font nullfont!
Missing character: There is no o ("6F) in font nullfont!
Missing character: There is no r ("72) in font nullfont!
Missing character: There is no m ("6D) in font nullfont!
Missing character: There is no . ("2E) in font nullfont!

Overfull \hbox (20.0pt too wide) in paragraph at lines 1--2
[]
 []


! LaTeX Error: Missing \begin{document}.

See the LaTeX manual or LaTeX Companion for explanation.
Type  H <return>  for immediate help.
 ...                                              
                                                  
l.3 T
     he primary objective was to construct a robust, real-time application u...

You're in trouble here.  Try typing  <return>  to proceed.
If that doesn't work, type  X <return>  to quit.

Missing character: There is no T ("54) in font nullfont!
Missing character: There is no h ("68) in font nullfont!
Missing character: There is no e ("65) in font nullfont!
Missing character: There is no p ("70) in font nullfont!
Missing character: There is no r ("72) in font nullfont!
Missing character: There is no i ("69) in font nullfont!
Missing character: There is no m ("6D) in font nullfont!
Missing character: There is no a ("61) in font nullfont!
Missing character: There is no r ("72) in font nullfont!
Missing character: There is no y ("79) in font nullfont!
Missing character: There is no o ("6F) in font nullfont!
Missing character: There is no b ("62) in font nullfont!
Missing character: There is no j ("6A) in font nullfont!
Missing character: There is no e ("65) in font nullfont!
Missing character: There is no c ("63) in font nullfont!
Missing character: There is no t ("74) in font nullfont!
Missing character: There is no i ("69) in font nullfont!
Missing character: There is no v ("76) in font nullfont!
Missing character: There is no e ("65) in font nullfont!
Missing character: There is no w ("77) in font nullfont!
Missing character: There is no a ("61) in font nullfont!
Missing character: There is no s ("73) in font nullfont!
Missing character: There is no t ("74) in font nullfont!
Missing character: There is no o ("6F) in font nullfont!
Missing character: There is no c ("63) in font nullfont!
Missing character: There is no o ("6F) in font nullfont!
Missing character: There is no n ("6E) in font nullfont!
Missing character: There is no s ("73) in font nullfont!
Missing character: There is no t ("74) in font nullfont!
Missing character: There is no r ("72) in font nullfont!
Missing character: There is no u ("75) in font nullfont!
Missing character: There is no c ("63) in font nullfont!
Missing character: There is no t ("74) in font nullfont!
Missing character: There is no a ("61) in font nullfont!
Missing character: There is no r ("72) in font nullfont!
Missing character: There is no o ("6F) in font nullfont!
Missing character: There is no b ("62) in font nullfont!
Missing character: There is no u ("75) in font nullfont!
Missing character: There is no s ("73) in font nullfont!
Missing character: There is no t ("74) in font nullfont!
Missing character: There is no , ("2C) in font nullfont!
Missing character: There is no r ("72) in font nullfont!
Missing character: There is no e ("65) in font nullfont!
Missing character: There is no a ("61) in font nullfont!
Missing character: There is no l ("6C) in font nullfont!
Missing character: There is no - ("2D) in font nullfont!
Missing character: There is no t ("74) in font nullfont!
Missing character: There is no i ("69) in font nullfont!
Missing character: There is no m ("6D) in font nullfont!
Missing character: There is no e ("65) in font nullfont!
Missing character: There is no a ("61) in font nullfont!
Missing character: There is no p ("70) in font nullfont!
Missing character: There is no p ("70) in font nullfont!
Missing character: There is no l ("6C) in font nullfont!
Missing character: There is no i ("69) in font nullfont!
Missing character: There is no c ("63) in font nullfont!
Missing character: There is no a ("61) in font nullfont!
Missing character: There is no t ("74) in font nullfont!
Missing character: There is no i ("69) in font nullfont!
Missing character: There is no o ("6F) in font nullfont!
Missing character: There is no n ("6E) in font nullfont!
Missing character: There is no u ("75) in font nullfont!
Missing character: There is no s ("73) in font nullfont!
Missing character: There is no i ("69) in font nullfont!
Missing character: There is no n ("6E) in font nullfont!
Missing character: There is no g ("67) in font nullfont!
Missing character: There is no a ("61) in font nullfont!
Missing character: There is no s ("73) in font nullfont!
Missing character: There is no t ("74) in font nullfont!
Missing character: There is no a ("61) in font nullfont!
Missing character: There is no n ("6E) in font nullfont!
Missing character: There is no d ("64) in font nullfont!
Missing character: There is no a ("61) in font nullfont!
Missing character: There is no r ("72) in font nullfont!
Missing character: There is no d ("64) in font nullfont!
Missing character: There is no w ("77) in font nullfont!
Missing character: There is no e ("65) in font nullfont!
Missing character: There is no b ("62) in font nullfont!
Missing character: There is no s ("73) in font nullfont!
Missing character: There is no t ("74) in font nullfont!
Missing character: There is no a ("61) in font nullfont!
Missing character: There is no c ("63) in font nullfont!
Missing character: There is no k ("6B) in font nullfont!
Missing character: There is no t ("74) in font nullfont!
Missing character: There is no o ("6F) in font nullfont!
Missing character: There is no e ("65) in font nullfont!
Missing character: There is no n ("6E) in font nullfont!
Missing character: There is no s ("73) in font nullfont!
Missing character: There is no u ("75) in font nullfont!
Missing character: There is no r ("72) in font nullfont!
Missing character: There is no e ("65) in font nullfont!
Missing character: There is no a ("61) in font nullfont!
Missing character: There is no c ("63) in font nullfont!
Missing character: There is no c ("63) in font nullfont!
Missing character: There is no e ("65) in font nullfont!
Missing character: There is no s ("73) in font nullfont!
Missing character: There is no s ("73) in font nullfont!
Missing character: There is no i ("69) in font nullfont!
Missing character: There is no b ("62) in font nullfont!
Missing character: There is no i ("69) in font nullfont!
Missing character: There is no l ("6C) in font nullfont!
Missing character: There is no i ("69) in font nullfont!
Missing character: There is no t ("74) in font nullfont!
Missing character: There is no y ("79) in font nullfont!
Missing character: There is no a ("61) in font nullfont!
Missing character: There is no n ("6E) in font nullfont!
Missing character: There is no d ("64) in font nullfont!
Missing character: There is no m ("6D) in font nullfont!
Missing character: There is no a ("61) in font nullfont!
Missing character: There is no i ("69) in font nullfont!
Missing character: There is no n ("6E) in font nullfont!
Missing character: There is no t ("74) in font nullfont!
Missing character: There is no a ("61) in font nullfont!
Missing character: There is no i ("69) in font nullfont!
Missing character: There is no n ("6E) in font nullfont!
Missing character: There is no a ("61) in font nullfont!
Missing character: There is no b ("62) in font nullfont!
Missing character: There is no i ("69) in font nullfont!
Missing character: There is no l ("6C) in font nullfont!
Missing character: There is no i ("69) in font nullfont!
Missing character: There is no t ("74) in font nullfont!
Missing character: There is no y ("79) in font nullfont!
Missing character: There is no . ("2E) in font nullfont!
Missing character: There is no T ("54) in font nullfont!
Missing character: There is no h ("68) in font nullfont!
Missing character: There is no i ("69) in font nullfont!
Missing character: There is no s ("73) in font nullfont!
Missing character: There is no i ("69) in font nullfont!
Missing character: There is no n ("6E) in font nullfont!
Missing character: There is no v ("76) in font nullfont!
Missing character: There is no o ("6F) in font nullfont!
Missing character: There is no l ("6C) in font nullfont!
Missing character: There is no v ("76) in font nullfont!
Missing character: There is no e ("65) in font nullfont!
Missing character: There is no d ("64) in font nullfont!
Missing character: There is no l ("6C) in font nullfont!
Missing character: There is no e ("65) in font nullfont!
Missing character: There is no v ("76) in font nullfont!
Missing character: There is no e ("65) in font nullfont!
Missing character: There is no r ("72) in font nullfont!
Missing character: There is no a ("61) in font nullfont!
Missing character: There is no g ("67) in font nullfont!
Missing character: There is no i ("69) in font nullfont!
Missing character: There is no n ("6E) in font nullfont!
Missing character: There is no g ("67) in font nullfont!
Missing character: There is no S ("53) in font nullfont!
Missing character: There is no t ("74) in font nullfont!
Missing character: There is no r ("72) in font nullfont!
Missing character: There is no u ("75) in font nullfont!
Missing character: There is no c ("63) in font nullfont!
Missing character: There is no t ("74) in font nullfont!
Missing character: There is no u ("75) in font nullfont!
Missing character: There is no r ("72) in font nullfont!
Missing character: There is no e ("65) in font nullfont!
Missing character: There is no d ("64) in font nullfont!
Missing character: There is no Q ("51) in font nullfont!
Missing character: There is no u ("75) in font nullfont!
Missing character: There is no e ("65) in font nullfont!
Missing character: There is no r ("72) in font nullfont!
Missing character: There is no y ("79) in font nullfont!
Missing character: There is no L ("4C) in font nullfont!
Missing character: There is no a ("61) in font nullfont!
Missing character: There is no n ("6E) in font nullfont!
Missing character: There is no g ("67) in font nullfont!
Missing character: There is no u ("75) in font nullfont!
Missing character: There is no a ("61) in font nullfont!
Missing character: There is no g ("67) in font nullfont!
Missing character: There is no e ("65) in font nullfont!
Missing character: There is no ( ("28) in font nullfont!
Missing character: There is no S ("53) in font nullfont!
Missing character: There is no Q ("51) in font nullfont!
Missing character: There is no L ("4C) in font nullfont!
Missing character: There is no ) ("29) in font nullfont!
Missing character: There is no f ("66) in font nullfont!
Missing character: There is no o ("6F) in font nullfont!
Missing character: There is no r ("72) in font nullfont!
Missing character: There is no t ("74) in font nullfont!
Missing character: There is no h ("68) in font nullfont!
Missing character: There is no e ("65) in font nullfont!
Missing character: There is no p ("70) in font nullfont!
Missing character: There is no e ("65) in font nullfont!
Missing character: There is no r ("72) in font nullfont!
Missing character: There is no s ("73) in font nullfont!
Missing character: There is no i ("69) in font nullfont!
Missing character: There is no s ("73) in font nullfont!
Missing character: There is no t ("74) in font nullfont!
Missing character: There is no e ("65) in font nullfont!
Missing character: There is no n ("6E) in font nullfont!
Missing character: There is no t ("74) in font nullfont!
Missing character: There is no a ("61) in font nullfont!
Missing character: There is no n ("6E) in font nullfont!
Missing character: There is no d ("64) in font nullfont!
Missing character: There is no t ("74) in font nullfont!
Missing character: There is no r ("72) in font nullfont!
Missing character: There is no a ("61) in font nullfont!
Missing character: There is no n ("6E) in font nullfont!
Missing character: There is no s ("73) in font nullfont!
Missing character: There is no a ("61) in font nullfont!
Missing character: There is no c ("63) in font nullfont!
Missing character: There is no t ("74) in font nullfont!
Missing character: There is no i ("69) in font nullfont!
Missing character: There is no o ("6F) in font nullfont!
Missing character: There is no n ("6E) in font nullfont!
Missing character: There is no a ("61) in font nullfont!
Missing character: There is no l ("6C) in font nullfont!
Missing character: There is no d ("64) in font nullfont!
Missing character: There is no a ("61) in font nullfont!
Missing character: There is no t ("74) in font nullfont!
Missing character: There is no a ("61) in font nullfont!
Missing character: There is no l ("6C) in font nullfont!
Missing character: There is no a ("61) in font nullfont!
Missing character: There is no y ("79) in font nullfont!
Missing character: There is no e ("65) in font nullfont!
Missing character: There is no r ("72) in font nullfont!
Missing character: There is no , ("2C) in font nullfont!
Missing character: There is no h ("68) in font nullfont!
Missing character: There is no o ("6F) in font nullfont!
Missing character: There is no u ("75) in font nullfont!
Missing character: There is no s ("73) in font nullfont!
Missing character: There is no i ("69) in font nullfont!
Missing character: There is no n ("6E) in font nullfont!
Missing character: There is no g ("67) in font nullfont!
Missing character: There is no a ("61) in font nullfont!
Missing character: There is no l ("6C) in font nullfont!
Missing character: There is no l ("6C) in font nullfont!
Missing character: There is no m ("6D) in font nullfont!
Missing character: There is no a ("61) in font nullfont!
Missing character: There is no s ("73) in font nullfont!
Missing character: There is no t ("74) in font nullfont!
Missing character: There is no e ("65) in font nullfont!
Missing character: There is no r ("72) in font nullfont!
Missing character: There is no a ("61) in font nullfont!
Missing character: There is no n ("6E) in font nullfont!
Missing character: There is no d ("64) in font nullfont!
Missing character: There is no l ("6C) in font nullfont!
Missing character: There is no e ("65) in font nullfont!
Missing character: There is no d ("64) in font nullfont!
Missing character: There is no g ("67) in font nullfont!
Missing character: There is no e ("65) in font nullfont!
Missing character: There is no r ("72) in font nullfont!
Missing character: There is no i ("69) in font nullfont!
Missing character: There is no n ("6E) in font nullfont!
Missing character: There is no f ("66) in font nullfont!
Missing character: There is no o ("6F) in font nullfont!
Missing character: There is no r ("72) in font nullfont!
Missing character: There is no m ("6D) in font nullfont!
Missing character: There is no a ("61) in font nullfont!
Missing character: There is no t ("74) in font nullfont!
Missing character: There is no i ("69) in font nullfont!
Missing character: There is no o ("6F) in font nullfont!
Missing character: There is no n ("6E) in font nullfont!
Missing character: There is no . ("2E) in font nullfont!
Missing character: There is no T ("54) in font nullfont!
Missing character: There is no h ("68) in font nullfont!
Missing character: There is no e ("65) in font nullfont!
Missing character: There is no p ("70) in font nullfont!
Missing character: There is no r ("72) in font nullfont!
Missing character: There is no e ("65) in font nullfont!
Missing character: There is no s ("73) in font nullfont!
Missing character: There is no e ("65) in font nullfont!
Missing character: There is no n ("6E) in font nullfont!
Missing character: There is no t ("74) in font nullfont!
Missing character: There is no a ("61) in font nullfont!
Missing character: There is no t ("74) in font nullfont!
Missing character: There is no i ("69) in font nullfont!
Missing character: There is no o ("6F) in font nullfont!
Missing character: There is no n ("6E) in font nullfont!
Missing character: There is no l ("6C) in font nullfont!
Missing character: There is no a ("61) in font nullfont!
Missing character: There is no y ("79) in font nullfont!
Missing character: There is no e ("65) in font nullfont!
Missing character: There is no r ("72) in font nullfont!
Missing character: There is no u ("75) in font nullfont!
Missing character: There is no t ("74) in font nullfont!
Missing character: There is no i ("69) in font nullfont!
Missing character: There is no l ("6C) in font nullfont!
Missing character: There is no i ("69) in font nullfont!
Missing character: There is no z ("7A) in font nullfont!
Missing character: There is no e ("65) in font nullfont!
Missing character: There is no s ("73) in font nullfont!
Missing character: There is no H ("48) in font nullfont!
Missing character: There is no T ("54) in font nullfont!
Missing character: There is no M ("4D) in font nullfont!
Missing character: There is no L ("4C) in font nullfont!
Missing character: There is no a ("61) in font nullfont!
Missing character: There is no n ("6E) in font nullfont!
Missing character: There is no d ("64) in font nullfont!
Missing character: There is no C ("43) in font nullfont!
Missing character: There is no S ("53) in font nullfont!
Missing character: There is no S ("53) in font nullfont!
Missing character: There is no t ("74) in font nullfont!
Missing character: There is no o ("6F) in font nullfont!
Missing character: There is no d ("64) in font nullfont!
Missing character: There is no e ("65) in font nullfont!
Missing character: There is no l ("6C) in font nullfont!
Missing character: There is no i ("69) in font nullfont!
Missing character: There is no v ("76) in font nullfont!
Missing character: There is no e ("65) in font nullfont!
Missing character: There is no r ("72) in font nullfont!
Missing character: There is no a ("61) in font nullfont!
Missing character: There is no r ("72) in font nullfont!
Missing character: There is no e ("65) in font nullfont!
Missing character: There is no s ("73) in font nullfont!
Missing character: There is no p ("70) in font nullfont!
Missing character: There is no o ("6F) in font nullfont!
Missing character: There is no n ("6E) in font nullfont!
Missing character: There is no s ("73) in font nullfont!
Missing character: There is no i ("69) in font nullfont!
Missing character: There is no v ("76) in font nullfont!
Missing character: There is no e ("65) in font nullfont!
Missing character: There is no , ("2C) in font nullfont!
Missing character: There is no u ("75) in font nullfont!
Missing character: There is no s ("73) in font nullfont!
Missing character: There is no e ("65) in font nullfont!
Missing character: There is no r ("72) in font nullfont!
Missing character: There is no - ("2D) in font nullfont!
Missing character: There is no f ("66) in font nullfont!
Missing character: There is no r ("72) in font nullfont!
Missing character: There is no i ("69) in font nullfont!
Missing character: There is no e ("65) in font nullfont!
Missing character: There is no n ("6E) in font nullfont!
Missing character: There is no d ("64) in font nullfont!
Missing character: There is no l ("6C) in font nullfont!
Missing character: There is no y ("79) in font nullfont!
Missing character: There is no i ("69) in font nullfont!
Missing character: There is no n ("6E) in font nullfont!
Missing character: There is no t ("74) in font nullfont!
Missing character: There is no e ("65) in font nullfont!
Missing character: There is no r ("72) in font nullfont!
Missing character: There is no f ("66) in font nullfont!
Missing character: There is no a ("61) in font nullfont!
Missing character: There is no c ("63) in font nullfont!
Missing character: There is no e ("65) in font nullfont!
Missing character: There is no f ("66) in font nullfont!
Missing character: There is no o ("6F) in font nullfont!
Missing character: There is no r ("72) in font nullfont!
Missing character: There is no a ("61) in font nullfont!
Missing character: There is no l ("6C) in font nullfont!
Missing character: There is no l ("6C) in font nullfont!
Missing character: There is no d ("64) in font nullfont!
Missing character: There is no a ("61) in font nullfont!
Missing character: There is no t ("74) in font nullfont!
Missing character: There is no a ("61) in font nullfont!
Missing character: There is no e ("65) in font nullfont!
Missing character: There is no n ("6E) in font nullfont!
Missing character: There is no t ("74) in font nullfont!
Missing character: There is no r ("72) in font nullfont!
Missing character: There is no y ("79) in font nullfont!
Missing character: There is no a ("61) in font nullfont!
Missing character: There is no n ("6E) in font nullfont!
Missing character: There is no d ("64) in font nullfont!
Missing character: There is no v ("76) in font nullfont!
Missing character: There is no i ("69) in font nullfont!
Missing character: There is no e ("65) in font nullfont!
Missing character: There is no w ("77) in font nullfont!
Missing character: There is no i ("69) in font nullfont!
Missing character: There is no n ("6E) in font nullfont!
Missing character: There is no g ("67) in font nullfont!
Missing character: There is no r ("72) in font nullfont!
Missing character: There is no e ("65) in font nullfont!
Missing character: There is no q ("71) in font nullfont!
Missing character: There is no u ("75) in font nullfont!
Missing character: There is no i ("69) in font nullfont!
Missing character: There is no r ("72) in font nullfont!
Missing character: There is no e ("65) in font nullfont!
Missing character: There is no m ("6D) in font nullfont!
Missing character: There is no e ("65) in font nullfont!
Missing character: There is no n ("6E) in font nullfont!
Missing character: There is no t ("74) in font nullfont!
Missing character: There is no s ("73) in font nullfont!
Missing character: There is no , ("2C) in font nullfont!
Missing character: There is no c ("63) in font nullfont!
Missing character: There is no o ("6F) in font nullfont!
Missing character: There is no n ("6E) in font nullfont!
Missing character: There is no n ("6E) in font nullfont!
Missing character: There is no e ("65) in font nullfont!
Missing character: There is no c ("63) in font nullfont!
Missing character: There is no t ("74) in font nullfont!
Missing character: There is no e ("65) in font nullfont!
Missing character: There is no d ("64) in font nullfont!
Missing character: There is no b ("62) in font nullfont!
Missing character: There is no y ("79) in font nullfont!
Missing character: There is no a ("61) in font nullfont!
Missing character: There is no s ("73) in font nullfont!
Missing character: There is no e ("65) in font nullfont!
Missing character: There is no r ("72) in font nullfont!
Missing character: There is no v ("76) in font nullfont!
Missing character: There is no e ("65) in font nullfont!
Missing character: There is no r ("72) in font nullfont!
Missing character: There is no - ("2D) in font nullfont!
Missing character: There is no s ("73) in font nullfont!
Missing character: There is no i ("69) in font nullfont!
Missing character: There is no d ("64) in font nullfont!
Missing character: There is no e ("65) in font nullfont!
Missing character: There is no a ("61) in font nullfont!
Missing character: There is no p ("70) in font nullfont!
Missing character: There is no p ("70) in font nullfont!
Missing character: There is no l ("6C) in font nullfont!
Missing character: There is no i ("69) in font nullfont!
Missing character: There is no c ("63) in font nullfont!
Missing character: There is no a ("61) in font nullfont!
Missing character: There is no t ("74) in font nullfont!
Missing character: There is no i ("69) in font nullfont!
Missing character: There is no o ("6F) in font nullfont!
Missing character: There is no n ("6E) in font nullfont!
Missing character: There is no l ("6C) in font nullfont!
Missing character: There is no a ("61) in font nullfont!
Missing character: There is no y ("79) in font nullfont!
Missing character: There is no e ("65) in font nullfont!
Missing character: There is no r ("72) in font nullfont!
Missing character: There is no r ("72) in font nullfont!
Missing character: There is no e ("65) in font nullfont!
Missing character: There is no s ("73) in font nullfont!
Missing character: There is no p ("70) in font nullfont!
Missing character: There is no o ("6F) in font nullfont!
Missing character: There is no n ("6E) in font nullfont!
Missing character: There is no s ("73) in font nullfont!
Missing character: There is no i ("69) in font nullfont!
Missing character: There is no b ("62) in font nullfont!
Missing character: There is no l ("6C) in font nullfont!
Missing character: There is no e ("65) in font nullfont!
Missing character: There is no f ("66) in font nullfont!
Missing character: There is no o ("6F) in font nullfont!
Missing character: There is no r ("72) in font nullfont!
Missing character: There is no e ("65) in font nullfont!
Missing character: There is no x ("78) in font nullfont!
Missing character: There is no e ("65) in font nullfont!
Missing character: There is no c ("63) in font nullfont!
Missing character: There is no u ("75) in font nullfont!
Missing character: There is no t ("74) in font nullfont!
Missing character: There is no i ("69) in font nullfont!
Missing character: There is no n ("6E) in font nullfont!
Missing character: There is no g ("67) in font nullfont!
Missing character: There is no a ("61) in font nullfont!
Missing character: There is no l ("6C) in font nullfont!
Missing character: There is no l ("6C) in font nullfont!
Missing character: There is no c ("63) in font nullfont!
Missing character: There is no o ("6F) in font nullfont!
Missing character: There is no m ("6D) in font nullfont!
Missing character: There is no p ("70) in font nullfont!
Missing character: There is no l ("6C) in font nullfont!
Missing character: There is no e ("65) in font nullfont!
Missing character: There is no x ("78) in font nullfont!
Missing character: There is no b ("62) in font nullfont!
Missing character: There is no u ("75) in font nullfont!
Missing character: There is no s ("73) in font nullfont!
Missing character: There is no i ("69) in font nullfont!
Missing character: There is no n ("6E) in font nullfont!
Missing character: There is no e ("65) in font nullfont!
Missing character: There is no s ("73) in font nullfont!
Missing character: There is no s ("73) in font nullfont!
Missing character: There is no l ("6C) in font nullfont!
Missing character: There is no o ("6F) in font nullfont!
Missing character: There is no g ("67) in font nullfont!
Missing character: There is no i ("69) in font nullfont!
Missing character: There is no c ("63) in font nullfont!
Missing character: There is no . ("2E) in font nullfont!

Overfull \hbox (20.0pt too wide) in paragraph at lines 3--4
[]
 []


! LaTeX Error: Missing \begin{document}.

See the LaTeX manual or LaTeX Companion for explanation.
Type  H <return>  for immediate help.
 ...                                              
                                                  
l.5 T
     he methodology focused on modeling and implementing critical ERP logic,...

You're in trouble here.  Try typing  <return>  to proceed.
If that doesn't work, type  X <return>  to quit.

Missing character: There is no T ("54) in font nullfont!
Missing character: There is no h ("68) in font nullfont!
Missing character: There is no e ("65) in font nullfont!
Missing character: There is no m ("6D) in font nullfont!
Missing character: There is no e ("65) in font nullfont!
Missing character: There is no t ("74) in font nullfont!
Missing character: There is no h ("68) in font nullfont!
Missing character: There is no o ("6F) in font nullfont!
Missing character: There is no d ("64) in font nullfont!
Missing character: There is no o ("6F) in font nullfont!
Missing character: There is no l ("6C) in font nullfont!
Missing character: There is no o ("6F) in font nullfont!
Missing character: There is no g ("67) in font nullfont!
Missing character: There is no y ("79) in font nullfont!
Missing character: There is no f ("66) in font nullfont!
Missing character: There is no o ("6F) in font nullfont!
Missing character: There is no c ("63) in font nullfont!
Missing character: There is no u ("75) in font nullfont!
Missing character: There is no s ("73) in font nullfont!
Missing character: There is no e ("65) in font nullfont!
Missing character: There is no d ("64) in font nullfont!
Missing character: There is no o ("6F) in font nullfont!
Missing character: There is no n ("6E) in font nullfont!
Missing character: There is no m ("6D) in font nullfont!
Missing character: There is no o ("6F) in font nullfont!
Missing character: There is no d ("64) in font nullfont!
Missing character: There is no e ("65) in font nullfont!
Missing character: There is no l ("6C) in font nullfont!
Missing character: There is no i ("69) in font nullfont!
Missing character: There is no n ("6E) in font nullfont!
Missing character: There is no g ("67) in font nullfont!
Missing character: There is no a ("61) in font nullfont!
Missing character: There is no n ("6E) in font nullfont!
Missing character: There is no d ("64) in font nullfont!
Missing character: There is no i ("69) in font nullfont!
Missing character: There is no m ("6D) in font nullfont!
Missing character: There is no p ("70) in font nullfont!
Missing character: There is no l ("6C) in font nullfont!
Missing character: There is no e ("65) in font nullfont!
Missing character: There is no m ("6D) in font nullfont!
Missing character: There is no e ("65) in font nullfont!
Missing character: There is no n ("6E) in font nullfont!
Missing character: There is no t ("74) in font nullfont!
Missing character: There is no i ("69) in font nullfont!
Missing character: There is no n ("6E) in font nullfont!
Missing character: There is no g ("67) in font nullfont!
Missing character: There is no c ("63) in font nullfont!
Missing character: There is no r ("72) in font nullfont!
Missing character: There is no i ("69) in font nullfont!
Missing character: There is no t ("74) in font nullfont!
Missing character: There is no i ("69) in font nullfont!
Missing character: There is no c ("63) in font nullfont!
Missing character: There is no a ("61) in font nullfont!
Missing character: There is no l ("6C) in font nullfont!
Missing character: There is no E ("45) in font nullfont!
Missing character: There is no R ("52) in font nullfont!
Missing character: There is no P ("50) in font nullfont!
Missing character: There is no l ("6C) in font nullfont!
Missing character: There is no o ("6F) in font nullfont!
Missing character: There is no g ("67) in font nullfont!
Missing character: There is no i ("69) in font nullfont!
Missing character: There is no c ("63) in font nullfont!
Missing character: There is no , ("2C) in font nullfont!
Missing character: There is no i ("69) in font nullfont!
Missing character: There is no n ("6E) in font nullfont!
Missing character: There is no c ("63) in font nullfont!
Missing character: There is no l ("6C) in font nullfont!
Missing character: There is no u ("75) in font nullfont!
Missing character: There is no d ("64) in font nullfont!
Missing character: There is no i ("69) in font nullfont!
Missing character: There is no n ("6E) in font nullfont!
Missing character: There is no g ("67) in font nullfont!
Missing character: There is no a ("61) in font nullfont!
Missing character: There is no w ("77) in font nullfont!
Missing character: There is no e ("65) in font nullfont!
Missing character: There is no i ("69) in font nullfont!
Missing character: There is no g ("67) in font nullfont!
Missing character: There is no h ("68) in font nullfont!
Missing character: There is no t ("74) in font nullfont!
Missing character: There is no e ("65) in font nullfont!
Missing character: There is no d ("64) in font nullfont!
Missing character: There is no m ("6D) in font nullfont!
Missing character: There is no o ("6F) in font nullfont!
Missing character: There is no v ("76) in font nullfont!
Missing character: There is no i ("69) in font nullfont!
Missing character: There is no n ("6E) in font nullfont!
Missing character: There is no g ("67) in font nullfont!
Missing character: There is no a ("61) in font nullfont!
Missing character: There is no v ("76) in font nullfont!
Missing character: There is no e ("65) in font nullfont!
Missing character: There is no r ("72) in font nullfont!
Missing character: There is no a ("61) in font nullfont!
Missing character: There is no g ("67) in font nullfont!
Missing character: There is no e ("65) in font nullfont!
Missing character: There is no a ("61) in font nullfont!
Missing character: There is no l ("6C) in font nullfont!
Missing character: There is no g ("67) in font nullfont!
Missing character: There is no o ("6F) in font nullfont!
Missing character: There is no r ("72) in font nullfont!
Missing character: There is no i ("69) in font nullfont!
Missing character: There is no t ("74) in font nullfont!
Missing character: There is no h ("68) in font nullfont!
Missing character: There is no m ("6D) in font nullfont!
Missing character: There is no f ("66) in font nullfont!
Missing character: There is no o ("6F) in font nullfont!
Missing character: There is no r ("72) in font nullfont!
Missing character: There is no a ("61) in font nullfont!
Missing character: There is no c ("63) in font nullfont!
Missing character: There is no c ("63) in font nullfont!
Missing character: There is no u ("75) in font nullfont!
Missing character: There is no r ("72) in font nullfont!
Missing character: There is no a ("61) in font nullfont!
Missing character: There is no t ("74) in font nullfont!
Missing character: There is no e ("65) in font nullfont!
Missing character: There is no p ("70) in font nullfont!
Missing character: There is no r ("72) in font nullfont!
Missing character: There is no o ("6F) in font nullfont!
Missing character: There is no d ("64) in font nullfont!
Missing character: There is no u ("75) in font nullfont!
Missing character: There is no c ("63) in font nullfont!
Missing character: There is no t ("74) in font nullfont!
Missing character: There is no c ("63) in font nullfont!
Missing character: There is no o ("6F) in font nullfont!
Missing character: There is no s ("73) in font nullfont!
Missing character: There is no t ("74) in font nullfont!
Missing character: There is no i ("69) in font nullfont!
Missing character: There is no n ("6E) in font nullfont!
Missing character: There is no g ("67) in font nullfont!
Missing character: There is no a ("61) in font nullfont!
Missing character: There is no n ("6E) in font nullfont!
Missing character: There is no d ("64) in font nullfont!
Missing character: There is no a ("61) in font nullfont!
Missing character: There is no s ("73) in font nullfont!
Missing character: There is no o ("6F) in font nullfont!
Missing character: There is no p ("70) in font nullfont!
Missing character: There is no h ("68) in font nullfont!
Missing character: There is no i ("69) in font nullfont!
Missing character: There is no s ("73) in font nullfont!
Missing character: There is no t ("74) in font nullfont!
Missing character: There is no i ("69) in font nullfont!
Missing character: There is no c ("63) in font nullfont!
Missing character: There is no a ("61) in font nullfont!
Missing character: There is no t ("74) in font nullfont!
Missing character: There is no e ("65) in font nullfont!
Missing character: There is no d ("64) in font nullfont!
Missing character: There is no D ("44) in font nullfont!
Missing character: There is no o ("6F) in font nullfont!
Missing character: There is no c ("63) in font nullfont!
Missing character: There is no u ("75) in font nullfont!
Missing character: There is no m ("6D) in font nullfont!
Missing character: There is no e ("65) in font nullfont!
Missing character: There is no n ("6E) in font nullfont!
Missing character: There is no t ("74) in font nullfont!
! Misplaced alignment tab character &.
l.5 ...duct costing and a sophisticated Document &
                                                   Calculation Logic module ...
I can't figure out why you would want to use a tab mark
here. If you just want an ampersand, the remedy is
simple: Just type `I\&' now. But if some right brace
up above has ended a previous alignment prematurely,
you're probably due for more error messages, and you
might try typing `S' now just to see what is salvageable.

Missing character: There is no C ("43) in font nullfont!
Missing character: There is no a ("61) in font nullfont!
Missing character: There is no l ("6C) in font nullfont!
Missing character: There is no c ("63) in font nullfont!
Missing character: There is no u ("75) in font nullfont!
Missing character: There is no l ("6C) in font nullfont!
Missing character: There is no a ("61) in font nullfont!
Missing character: There is no t ("74) in font nullfont!
Missing character: There is no i ("69) in font nullfont!
Missing character: There is no o ("6F) in font nullfont!
Missing character: There is no n ("6E) in font nullfont!
Missing character: There is no L ("4C) in font nullfont!
Missing character: There is no o ("6F) in font nullfont!
Missing character: There is no g ("67) in font nullfont!
Missing character: There is no i ("69) in font nullfont!
Missing character: There is no c ("63) in font nullfont!
Missing character: There is no m ("6D) in font nullfont!
Missing character: There is no o ("6F) in font nullfont!
Missing character: There is no d ("64) in font nullfont!
Missing character: There is no u ("75) in font nullfont!
Missing character: There is no l ("6C) in font nullfont!
Missing character: There is no e ("65) in font nullfont!
Missing character: There is no d ("64) in font nullfont!
Missing character: There is no e ("65) in font nullfont!
Missing character: There is no s ("73) in font nullfont!
Missing character: There is no i ("69) in font nullfont!
Missing character: There is no g ("67) in font nullfont!
Missing character: There is no n ("6E) in font nullfont!
Missing character: There is no e ("65) in font nullfont!
Missing character: There is no d ("64) in font nullfont!
Missing character: There is no t ("74) in font nullfont!
Missing character: There is no o ("6F) in font nullfont!
Missing character: There is no h ("68) in font nullfont!
Missing character: There is no a ("61) in font nullfont!
Missing character: There is no n ("6E) in font nullfont!
Missing character: There is no d ("64) in font nullfont!
Missing character: There is no l ("6C) in font nullfont!
Missing character: There is no e ("65) in font nullfont!
Missing character: There is no m ("6D) in font nullfont!
Missing character: There is no u ("75) in font nullfont!
Missing character: There is no l ("6C) in font nullfont!
Missing character: There is no t ("74) in font nullfont!
Missing character: There is no i ("69) in font nullfont!
Missing character: There is no - ("2D) in font nullfont!
Missing character: There is no l ("6C) in font nullfont!
Missing character: There is no e ("65) in font nullfont!
Missing character: There is no v ("76) in font nullfont!
Missing character: There is no e ("65) in font nullfont!
Missing character: There is no l ("6C) in font nullfont!
Missing character: There is no d ("64) in font nullfont!
Missing character: There is no i ("69) in font nullfont!
Missing character: There is no s ("73) in font nullfont!
Missing character: There is no c ("63) in font nullfont!
Missing character: There is no o ("6F) in font nullfont!
Missing character: There is no u ("75) in font nullfont!
Missing character: There is no n ("6E) in font nullfont!
Missing character: There is no t ("74) in font nullfont!
Missing character: There is no s ("73) in font nullfont!
Missing character: There is no a ("61) in font nullfont!
Missing character: There is no n ("6E) in font nullfont!
Missing character: There is no d ("64) in font nullfont!
Missing character: There is no v ("76) in font nullfont!
Missing character: There is no a ("61) in font nullfont!
Missing character: There is no r ("72) in font nullfont!
Missing character: There is no i ("69) in font nullfont!
Missing character: There is no o ("6F) in font nullfont!
Missing character: There is no u ("75) in font nullfont!
Missing character: There is no s ("73) in font nullfont!
Missing character: There is no V ("56) in font nullfont!
Missing character: There is no A ("41) in font nullfont!
Missing character: There is no T ("54) in font nullfont!
Missing character: There is no c ("63) in font nullfont!
Missing character: There is no o ("6F) in font nullfont!
Missing character: There is no n ("6E) in font nullfont!
Missing character: There is no f ("66) in font nullfont!
Missing character: There is no i ("69) in font nullfont!
Missing character: There is no g ("67) in font nullfont!
Missing character: There is no u ("75) in font nullfont!
Missing character: There is no r ("72) in font nullfont!
Missing character: There is no a ("61) in font nullfont!
Missing character: There is no t ("74) in font nullfont!
Missing character: There is no i ("69) in font nullfont!
Missing character: There is no o ("6F) in font nullfont!
Missing character: There is no n ("6E) in font nullfont!
Missing character: There is no s ("73) in font nullfont!
Missing character: There is no . ("2E) in font nullfont!
Missing character: There is no A ("41) in font nullfont!
Missing character: There is no c ("63) in font nullfont!
Missing character: There is no e ("65) in font nullfont!
Missing character: There is no n ("6E) in font nullfont!
Missing character: There is no t ("74) in font nullfont!
Missing character: There is no r ("72) in font nullfont!
Missing character: There is no a ("61) in font nullfont!
Missing character: There is no l ("6C) in font nullfont!
Missing character: There is no a ("61) in font nullfont!
Missing character: There is no c ("63) in font nullfont!
Missing character: There is no h ("68) in font nullfont!
Missing character: There is no i ("69) in font nullfont!
Missing character: There is no e ("65) in font nullfont!
Missing character: There is no v ("76) in font nullfont!
Missing character: There is no e ("65) in font nullfont!
Missing character: There is no m ("6D) in font nullfont!
Missing character: There is no e ("65) in font nullfont!
Missing character: There is no n ("6E) in font nullfont!
Missing character: There is no t ("74) in font nullfont!
Missing character: There is no w ("77) in font nullfont!
Missing character: There is no a ("61) in font nullfont!
Missing character: There is no s ("73) in font nullfont!
Missing character: There is no t ("74) in font nullfont!
Missing character: There is no h ("68) in font nullfont!
Missing character: There is no e ("65) in font nullfont!
Missing character: There is no s ("73) in font nullfont!
Missing character: There is no u ("75) in font nullfont!
Missing character: There is no c ("63) in font nullfont!
Missing character: There is no c ("63) in font nullfont!
Missing character: There is no e ("65) in font nullfont!
Missing character: There is no s ("73) in font nullfont!
Missing character: There is no s ("73) in font nullfont!
Missing character: There is no f ("66) in font nullfont!
Missing character: There is no u ("75) in font nullfont!
Missing character: There is no l ("6C) in font nullfont!
Missing character: There is no i ("69) in font nullfont!
Missing character: There is no m ("6D) in font nullfont!
Missing character: There is no p ("70) in font nullfont!
Missing character: There is no l ("6C) in font nullfont!
Missing character: There is no e ("65) in font nullfont!
Missing character: There is no m ("6D) in font nullfont!
Missing character: There is no e ("65) in font nullfont!
Missing character: There is no n ("6E) in font nullfont!
Missing character: There is no t ("74) in font nullfont!
Missing character: There is no a ("61) in font nullfont!
Missing character: There is no t ("74) in font nullfont!
Missing character: There is no i ("69) in font nullfont!
Missing character: There is no o ("6F) in font nullfont!
Missing character: There is no n ("6E) in font nullfont!
Missing character: There is no o ("6F) in font nullfont!
Missing character: There is no f ("66) in font nullfont!
Missing character: There is no t ("74) in font nullfont!
Missing character: There is no r ("72) in font nullfont!
Missing character: There is no a ("61) in font nullfont!
Missing character: There is no n ("6E) in font nullfont!
Missing character: There is no s ("73) in font nullfont!
Missing character: There is no a ("61) in font nullfont!
Missing character: There is no c ("63) in font nullfont!
Missing character: There is no t ("74) in font nullfont!
Missing character: There is no i ("69) in font nullfont!
Missing character: There is no o ("6F) in font nullfont!
Missing character: There is no n ("6E) in font nullfont!
Missing character: There is no a ("61) in font nullfont!
Missing character: There is no l ("6C) in font nullfont!
Missing character: There is no p ("70) in font nullfont!
Missing character: There is no o ("6F) in font nullfont!
Missing character: There is no s ("73) in font nullfont!
Missing character: There is no t ("74) in font nullfont!
Missing character: There is no i ("69) in font nullfont!
Missing character: There is no n ("6E) in font nullfont!
Missing character: There is no g ("67) in font nullfont!
Missing character: There is no l ("6C) in font nullfont!
Missing character: There is no o ("6F) in font nullfont!
Missing character: There is no g ("67) in font nullfont!
Missing character: There is no i ("69) in font nullfont!
Missing character: There is no c ("63) in font nullfont!
Missing character: There is no , ("2C) in font nullfont!
Missing character: There is no w ("77) in font nullfont!
Missing character: There is no h ("68) in font nullfont!
Missing character: There is no i ("69) in font nullfont!
Missing character: There is no c ("63) in font nullfont!
Missing character: There is no h ("68) in font nullfont!
Missing character: There is no e ("65) in font nullfont!
Missing character: There is no n ("6E) in font nullfont!
Missing character: There is no s ("73) in font nullfont!
Missing character: There is no u ("75) in font nullfont!
Missing character: There is no r ("72) in font nullfont!
Missing character: There is no e ("65) in font nullfont!
Missing character: There is no s ("73) in font nullfont!
Missing character: There is no r ("72) in font nullfont!
Missing character: There is no e ("65) in font nullfont!
Missing character: There is no a ("61) in font nullfont!
Missing character: There is no l ("6C) in font nullfont!
Missing character: There is no - ("2D) in font nullfont!
Missing character: There is no t ("74) in font nullfont!
Missing character: There is no i ("69) in font nullfont!
Missing character: There is no m ("6D) in font nullfont!
Missing character: There is no e ("65) in font nullfont!
Missing character: There is no s ("73) in font nullfont!
Missing character: There is no y ("79) in font nullfont!
Missing character: There is no n ("6E) in font nullfont!
Missing character: There is no c ("63) in font nullfont!
Missing character: There is no h ("68) in font nullfont!
Missing character: There is no r ("72) in font nullfont!
Missing character: There is no o ("6F) in font nullfont!
Missing character: There is no n ("6E) in font nullfont!
Missing character: There is no i ("69) in font nullfont!
Missing character: There is no z ("7A) in font nullfont!
Missing character: There is no a ("61) in font nullfont!
Missing character: There is no t ("74) in font nullfont!
Missing character: There is no i ("69) in font nullfont!
Missing character: There is no o ("6F) in font nullfont!
Missing character: There is no n ("6E) in font nullfont!
Missing character: There is no o ("6F) in font nullfont!
Missing character: There is no f ("66) in font nullfont!
Missing character: There is no i ("69) in font nullfont!
Missing character: There is no n ("6E) in font nullfont!
Missing character: There is no v ("76) in font nullfont!
Missing character: There is no e ("65) in font nullfont!
Missing character: There is no n ("6E) in font nullfont!
Missing character: There is no t ("74) in font nullfont!
Missing character: There is no o ("6F) in font nullfont!
Missing character: There is no r ("72) in font nullfont!
Missing character: There is no y ("79) in font nullfont!
Missing character: There is no l ("6C) in font nullfont!
Missing character: There is no e ("65) in font nullfont!
Missing character: There is no v ("76) in font nullfont!
Missing character: There is no e ("65) in font nullfont!
Missing character: There is no l ("6C) in font nullfont!
Missing character: There is no s ("73) in font nullfont!
Missing character: There is no ( ("28) in font nullfont!
Missing character: There is no S ("53) in font nullfont!
Missing character: There is no t ("74) in font nullfont!
Missing character: There is no o ("6F) in font nullfont!
Missing character: There is no c ("63) in font nullfont!
Missing character: There is no k ("6B) in font nullfont!
Missing character: There is no I ("49) in font nullfont!
Missing character: There is no N ("4E) in font nullfont!
Missing character: There is no / ("2F) in font nullfont!
Missing character: There is no O ("4F) in font nullfont!
Missing character: There is no U ("55) in font nullfont!
Missing character: There is no T ("54) in font nullfont!
Missing character: There is no ) ("29) in font nullfont!
Missing character: There is no a ("61) in font nullfont!
Missing character: There is no n ("6E) in font nullfont!
Missing character: There is no d ("64) in font nullfont!
Missing character: There is no f ("66) in font nullfont!
Missing character: There is no i ("69) in font nullfont!
Missing character: There is no n ("6E) in font nullfont!
Missing character: There is no a ("61) in font nullfont!
Missing character: There is no n ("6E) in font nullfont!
Missing character: There is no c ("63) in font nullfont!
Missing character: There is no i ("69) in font nullfont!
Missing character: There is no a ("61) in font nullfont!
Missing character: There is no l ("6C) in font nullfont!
Missing character: There is no e ("65) in font nullfont!
Missing character: There is no n ("6E) in font nullfont!
Missing character: There is no t ("74) in font nullfont!
Missing character: There is no r ("72) in font nullfont!
Missing character: There is no i ("69) in font nullfont!
Missing character: There is no e ("65) in font nullfont!
Missing character: There is no s ("73) in font nullfont!
Missing character: There is no ( ("28) in font nullfont!
Missing character: There is no A ("41) in font nullfont!
Missing character: There is no c ("63) in font nullfont!
Missing character: There is no c ("63) in font nullfont!
Missing character: There is no o ("6F) in font nullfont!
Missing character: There is no u ("75) in font nullfont!
Missing character: There is no n ("6E) in font nullfont!
Missing character: There is no t ("74) in font nullfont!
Missing character: There is no s ("73) in font nullfont!
Missing character: There is no P ("50) in font nullfont!
Missing character: There is no a ("61) in font nullfont!
Missing character: There is no y ("79) in font nullfont!
Missing character: There is no a ("61) in font nullfont!
Missing character: There is no b ("62) in font nullfont!
Missing character: There is no l ("6C) in font nullfont!
Missing character: There is no e ("65) in font nullfont!
Missing character: There is no / ("2F) in font nullfont!
Missing character: There is no R ("52) in font nullfont!
Missing character: There is no e ("65) in font nullfont!
Missing character: There is no c ("63) in font nullfont!
Missing character: There is no e ("65) in font nullfont!
Missing character: There is no i ("69) in font nullfont!
Missing character: There is no v ("76) in font nullfont!
Missing character: There is no a ("61) in font nullfont!
Missing character: There is no b ("62) in font nullfont!
Missing character: There is no l ("6C) in font nullfont!
Missing character: There is no e ("65) in font nullfont!
Missing character: There is no ) ("29) in font nullfont!
Missing character: There is no i ("69) in font nullfont!
Missing character: There is no m ("6D) in font nullfont!
Missing character: There is no m ("6D) in font nullfont!
Missing character: There is no e ("65) in font nullfont!
Missing character: There is no d ("64) in font nullfont!
Missing character: There is no i ("69) in font nullfont!
Missing character: There is no a ("61) in font nullfont!
Missing character: There is no t ("74) in font nullfont!
Missing character: There is no e ("65) in font nullfont!
Missing character: There is no l ("6C) in font nullfont!
Missing character: There is no y ("79) in font nullfont!
Missing character: There is no u ("75) in font nullfont!
Missing character: There is no p ("70) in font nullfont!
Missing character: There is no o ("6F) in font nullfont!
Missing character: There is no n ("6E) in font nullfont!
Missing character: There is no i ("69) in font nullfont!
Missing character: There is no n ("6E) in font nullfont!
Missing character: There is no v ("76) in font nullfont!
Missing character: There is no o ("6F) in font nullfont!
Missing character: There is no i ("69) in font nullfont!
Missing character: There is no c ("63) in font nullfont!
Missing character: There is no e ("65) in font nullfont!
Missing character: There is no p ("70) in font nullfont!
Missing character: There is no o ("6F) in font nullfont!
Missing character: There is no s ("73) in font nullfont!
Missing character: There is no t ("74) in font nullfont!
Missing character: There is no i ("69) in font nullfont!
Missing character: There is no n ("6E) in font nullfont!
Missing character: There is no g ("67) in font nullfont!
Missing character: There is no . ("2E) in font nullfont!
Missing character: There is no F ("46) in font nullfont!
Missing character: There is no u ("75) in font nullfont!
Missing character: There is no r ("72) in font nullfont!
Missing character: There is no t ("74) in font nullfont!
Missing character: There is no h ("68) in font nullfont!
Missing character: There is no e ("65) in font nullfont!
Missing character: There is no r ("72) in font nullfont!
Missing character: There is no m ("6D) in font nullfont!
Missing character: There is no o ("6F) in font nullfont!
Missing character: There is no r ("72) in font nullfont!
Missing character: There is no e ("65) in font nullfont!
Missing character: There is no , ("2C) in font nullfont!
Missing character: There is no t ("74) in font nullfont!
Missing character: There is no h ("68) in font nullfont!
Missing character: There is no e ("65) in font nullfont!
Missing character: There is no s ("73) in font nullfont!
Missing character: There is no y ("79) in font nullfont!
Missing character: There is no s ("73) in font nullfont!
Missing character: There is no t ("74) in font nullfont!
Missing character: There is no e ("65) in font nullfont!
Missing character: There is no m ("6D) in font nullfont!
Missing character: There is no i ("69) in font nullfont!
Missing character: There is no n ("6E) in font nullfont!
Missing character: There is no c ("63) in font nullfont!
Missing character: There is no o ("6F) in font nullfont!
Missing character: There is no r ("72) in font nullfont!
Missing character: There is no p ("70) in font nullfont!
Missing character: There is no o ("6F) in font nullfont!
Missing character: There is no r ("72) in font nullfont!
Missing character: There is no a ("61) in font nullfont!
Missing character: There is no t ("74) in font nullfont!
Missing character: There is no e ("65) in font nullfont!
Missing character: There is no s ("73) in font nullfont!
Missing character: There is no e ("65) in font nullfont!
Missing character: There is no s ("73) in font nullfont!
Missing character: There is no s ("73) in font nullfont!
Missing character: There is no e ("65) in font nullfont!
Missing character: There is no n ("6E) in font nullfont!
Missing character: There is no t ("74) in font nullfont!
Missing character: There is no i ("69) in font nullfont!
Missing character: There is no a ("61) in font nullfont!
Missing character: There is no l ("6C) in font nullfont!
Missing character: There is no v ("76) in font nullfont!
Missing character: There is no a ("61) in font nullfont!
Missing character: There is no l ("6C) in font nullfont!
Missing character: There is no i ("69) in font nullfont!
Missing character: There is no d ("64) in font nullfont!
Missing character: There is no a ("61) in font nullfont!
Missing character: There is no t ("74) in font nullfont!
Missing character: There is no i ("69) in font nullfont!
Missing character: There is no o ("6F) in font nullfont!
Missing character: There is no n ("6E) in font nullfont!
Missing character: There is no c ("63) in font nullfont!
Missing character: There is no h ("68) in font nullfont!
Missing character: There is no e ("65) in font nullfont!
Missing character: There is no c ("63) in font nullfont!
Missing character: There is no k ("6B) in font nullfont!
Missing character: There is no s ("73) in font nullfont!
Missing character: There is no , ("2C) in font nullfont!
Missing character: There is no s ("73) in font nullfont!
Missing character: There is no u ("75) in font nullfont!
Missing character: There is no c ("63) in font nullfont!
Missing character: There is no h ("68) in font nullfont!
Missing character: There is no a ("61) in font nullfont!
Missing character: There is no s ("73) in font nullfont!
Missing character: There is no a ("61) in font nullfont!
Missing character: There is no u ("75) in font nullfont!
Missing character: There is no t ("74) in font nullfont!
Missing character: There is no o ("6F) in font nullfont!
Missing character: There is no m ("6D) in font nullfont!
Missing character: There is no a ("61) in font nullfont!
Missing character: There is no t ("74) in font nullfont!
Missing character: There is no e ("65) in font nullfont!
Missing character: There is no d ("64) in font nullfont!
Missing character: There is no c ("63) in font nullfont!
Missing character: There is no r ("72) in font nullfont!
Missing character: There is no e ("65) in font nullfont!
Missing character: There is no d ("64) in font nullfont!
Missing character: There is no i ("69) in font nullfont!
Missing character: There is no t ("74) in font nullfont!
Missing character: There is no l ("6C) in font nullfont!
Missing character: There is no i ("69) in font nullfont!
Missing character: There is no m ("6D) in font nullfont!
Missing character: There is no i ("69) in font nullfont!
Missing character: There is no t ("74) in font nullfont!
Missing character: There is no v ("76) in font nullfont!
Missing character: There is no e ("65) in font nullfont!
Missing character: There is no r ("72) in font nullfont!
Missing character: There is no i ("69) in font nullfont!
Missing character: There is no f ("66) in font nullfont!
Missing character: There is no i ("69) in font nullfont!
Missing character: There is no c ("63) in font nullfont!
Missing character: There is no a ("61) in font nullfont!
Missing character: There is no t ("74) in font nullfont!
Missing character: There is no i ("69) in font nullfont!
Missing character: There is no o ("6F) in font nullfont!
Missing character: There is no n ("6E) in font nullfont!
Missing character: There is no a ("61) in font nullfont!
Missing character: There is no n ("6E) in font nullfont!
Missing character: There is no d ("64) in font nullfont!
Missing character: There is no s ("73) in font nullfont!
Missing character: There is no t ("74) in font nullfont!
Missing character: There is no o ("6F) in font nullfont!
Missing character: There is no c ("63) in font nullfont!
Missing character: There is no k ("6B) in font nullfont!
Missing character: There is no a ("61) in font nullfont!
Missing character: There is no v ("76) in font nullfont!
Missing character: There is no a ("61) in font nullfont!
Missing character: There is no i ("69) in font nullfont!
Missing character: There is no l ("6C) in font nullfont!
Missing character: There is no a ("61) in font nullfont!
Missing character: There is no b ("62) in font nullfont!
Missing character: There is no i ("69) in font nullfont!
Missing character: There is no l ("6C) in font nullfont!
Missing character: There is no i ("69) in font nullfont!
Missing character: There is no t ("74) in font nullfont!
Missing character: There is no y ("79) in font nullfont!
Missing character: There is no c ("63) in font nullfont!
Missing character: There is no h ("68) in font nullfont!
Missing character: There is no e ("65) in font nullfont!
Missing character: There is no c ("63) in font nullfont!
Missing character: There is no k ("6B) in font nullfont!
Missing character: There is no s ("73) in font nullfont!
Missing character: There is no b ("62) in font nullfont!
Missing character: There is no e ("65) in font nullfont!
Missing character: There is no f ("66) in font nullfont!
Missing character: There is no o ("6F) in font nullfont!
Missing character: There is no r ("72) in font nullfont!
Missing character: There is no e ("65) in font nullfont!
Missing character: There is no a ("61) in font nullfont!
Missing character: There is no u ("75) in font nullfont!
Missing character: There is no t ("74) in font nullfont!
Missing character: There is no h ("68) in font nullfont!
Missing character: There is no o ("6F) in font nullfont!
Missing character: There is no r ("72) in font nullfont!
Missing character: There is no i ("69) in font nullfont!
Missing character: There is no z ("7A) in font nullfont!
Missing character: There is no i ("69) in font nullfont!
Missing character: There is no n ("6E) in font nullfont!
Missing character: There is no g ("67) in font nullfont!
Missing character: There is no s ("73) in font nullfont!
Missing character: There is no a ("61) in font nullfont!
Missing character: There is no l ("6C) in font nullfont!
Missing character: There is no e ("65) in font nullfont!
Missing character: There is no s ("73) in font nullfont!
Missing character: There is no t ("74) in font nullfont!
Missing character: There is no r ("72) in font nullfont!
Missing character: There is no a ("61) in font nullfont!
Missing character: There is no n ("6E) in font nullfont!
Missing character: There is no s ("73) in font nullfont!
Missing character: There is no a ("61) in font nullfont!
Missing character: There is no c ("63) in font nullfont!
Missing character: There is no t ("74) in font nullfont!
Missing character: There is no i ("69) in font nullfont!
Missing character: There is no o ("6F) in font nullfont!
Missing character: There is no n ("6E) in font nullfont!
Missing character: There is no s ("73) in font nullfont!
Missing character: There is no . ("2E) in font nullfont!

Overfull \hbox (20.0pt too wide) in paragraph at lines 5--6
[]
 []


! LaTeX Error: Missing \begin{document}.

See the LaTeX manual or LaTeX Companion for explanation.
Type  H <return>  for immediate help.
 ...                                              
                                                  
l.7 T
     he key finding of the evaluation is the validation of the system's inte...

You're in trouble here.  Try typing  <return>  to proceed.
If that doesn't work, type  X <return>  to quit.

Missing character: There is no T ("54) in font nullfont!
Missing character: There is no h ("68) in font nullfont!
Missing character: There is no e ("65) in font nullfont!
Missing character: There is no k ("6B) in font nullfont!
Missing character: There is no e ("65) in font nullfont!
Missing character: There is no y ("79) in font nullfont!
Missing character: There is no f ("66) in font nullfont!
Missing character: There is no i ("69) in font nullfont!
Missing character: There is no n ("6E) in font nullfont!
Missing character: There is no d ("64) in font nullfont!
Missing character: There is no i ("69) in font nullfont!
Missing character: There is no n ("6E) in font nullfont!
Missing character: There is no g ("67) in font nullfont!
Missing character: There is no o ("6F) in font nullfont!
Missing character: There is no f ("66) in font nullfont!
Missing character: There is no t ("74) in font nullfont!
Missing character: There is no h ("68) in font nullfont!
Missing character: There is no e ("65) in font nullfont!
Missing character: There is no e ("65) in font nullfont!
Missing character: There is no v ("76) in font nullfont!
Missing character: There is no a ("61) in font nullfont!
Missing character: There is no l ("6C) in font nullfont!
Missing character: There is no u ("75) in font nullfont!
Missing character: There is no a ("61) in font nullfont!
Missing character: There is no t ("74) in font nullfont!
Missing character: There is no i ("69) in font nullfont!
Missing character: There is no o ("6F) in font nullfont!
Missing character: There is no n ("6E) in font nullfont!
Missing character: There is no i ("69) in font nullfont!
Missing character: There is no s ("73) in font nullfont!
Missing character: There is no t ("74) in font nullfont!
Missing character: There is no h ("68) in font nullfont!
Missing character: There is no e ("65) in font nullfont!
Missing character: There is no v ("76) in font nullfont!
Missing character: There is no a ("61) in font nullfont!
Missing character: There is no l ("6C) in font nullfont!
Missing character: There is no i ("69) in font nullfont!
Missing character: There is no d ("64) in font nullfont!
Missing character: There is no a ("61) in font nullfont!
Missing character: There is no t ("74) in font nullfont!
Missing character: There is no i ("69) in font nullfont!
Missing character: There is no o ("6F) in font nullfont!
Missing character: There is no n ("6E) in font nullfont!
Missing character: There is no o ("6F) in font nullfont!
Missing character: There is no f ("66) in font nullfont!
Missing character: There is no t ("74) in font nullfont!
Missing character: There is no h ("68) in font nullfont!
Missing character: There is no e ("65) in font nullfont!
Missing character: There is no s ("73) in font nullfont!
Missing character: There is no y ("79) in font nullfont!
Missing character: There is no s ("73) in font nullfont!
Missing character: There is no t ("74) in font nullfont!
Missing character: There is no e ("65) in font nullfont!
Missing character: There is no m ("6D) in font nullfont!
Missing character: There is no ' ("27) in font nullfont!
Missing character: There is no s ("73) in font nullfont!
Missing character: There is no i ("69) in font nullfont!
Missing character: There is no n ("6E) in font nullfont!
Missing character: There is no t ("74) in font nullfont!
Missing character: There is no e ("65) in font nullfont!
Missing character: There is no g ("67) in font nullfont!
Missing character: There is no r ("72) in font nullfont!
Missing character: There is no a ("61) in font nullfont!
Missing character: There is no t ("74) in font nullfont!
Missing character: There is no e ("65) in font nullfont!
Missing character: There is no d ("64) in font nullfont!
Missing character: There is no a ("61) in font nullfont!
Missing character: There is no r ("72) in font nullfont!
Missing character: There is no c ("63) in font nullfont!
Missing character: There is no h ("68) in font nullfont!
Missing character: There is no i ("69) in font nullfont!
Missing character: There is no t ("74) in font nullfont!
Missing character: There is no e ("65) in font nullfont!
Missing character: There is no c ("63) in font nullfont!
Missing character: There is no t ("74) in font nullfont!
Missing character: There is no u ("75) in font nullfont!
Missing character: There is no r ("72) in font nullfont!
Missing character: There is no e ("65) in font nullfont!
Missing character: There is no , ("2C) in font nullfont!
Missing character: There is no w ("77) in font nullfont!
Missing character: There is no h ("68) in font nullfont!
Missing character: There is no i ("69) in font nullfont!
Missing character: There is no c ("63) in font nullfont!
Missing character: There is no h ("68) in font nullfont!
Missing character: There is no s ("73) in font nullfont!
Missing character: There is no u ("75) in font nullfont!
Missing character: There is no c ("63) in font nullfont!
Missing character: There is no c ("63) in font nullfont!
Missing character: There is no e ("65) in font nullfont!
Missing character: There is no s ("73) in font nullfont!
Missing character: There is no s ("73) in font nullfont!
Missing character: There is no f ("66) in font nullfont!
Missing character: There is no u ("75) in font nullfont!
Missing character: There is no l ("6C) in font nullfont!
Missing character: There is no l ("6C) in font nullfont!
Missing character: There is no y ("79) in font nullfont!
Missing character: There is no p ("70) in font nullfont!
Missing character: There is no r ("72) in font nullfont!
Missing character: There is no o ("6F) in font nullfont!
Missing character: There is no v ("76) in font nullfont!
Missing character: There is no i ("69) in font nullfont!
Missing character: There is no d ("64) in font nullfont!
Missing character: There is no e ("65) in font nullfont!
Missing character: There is no d ("64) in font nullfont!
Missing character: There is no a ("61) in font nullfont!
Missing character: There is no u ("75) in font nullfont!
Missing character: There is no n ("6E) in font nullfont!
Missing character: There is no i ("69) in font nullfont!
Missing character: There is no f ("66) in font nullfont!
Missing character: There is no i ("69) in font nullfont!
Missing character: There is no e ("65) in font nullfont!
Missing character: There is no d ("64) in font nullfont!
Missing character: There is no , ("2C) in font nullfont!
Missing character: There is no r ("72) in font nullfont!
Missing character: There is no e ("65) in font nullfont!
Missing character: There is no a ("61) in font nullfont!
Missing character: There is no l ("6C) in font nullfont!
Missing character: There is no - ("2D) in font nullfont!
Missing character: There is no t ("74) in font nullfont!
Missing character: There is no i ("69) in font nullfont!
Missing character: There is no m ("6D) in font nullfont!
Missing character: There is no e ("65) in font nullfont!
Missing character: There is no o ("6F) in font nullfont!
Missing character: There is no p ("70) in font nullfont!
Missing character: There is no e ("65) in font nullfont!
Missing character: There is no r ("72) in font nullfont!
Missing character: There is no a ("61) in font nullfont!
Missing character: There is no t ("74) in font nullfont!
Missing character: There is no i ("69) in font nullfont!
Missing character: There is no o ("6F) in font nullfont!
Missing character: There is no n ("6E) in font nullfont!
Missing character: There is no a ("61) in font nullfont!
Missing character: There is no l ("6C) in font nullfont!
Missing character: There is no d ("64) in font nullfont!
Missing character: There is no a ("61) in font nullfont!
Missing character: There is no s ("73) in font nullfont!
Missing character: There is no h ("68) in font nullfont!
Missing character: There is no b ("62) in font nullfont!
Missing character: There is no o ("6F) in font nullfont!
Missing character: There is no a ("61) in font nullfont!
Missing character: There is no r ("72) in font nullfont!
Missing character: There is no d ("64) in font nullfont!
Missing character: There is no a ("61) in font nullfont!
Missing character: There is no n ("6E) in font nullfont!
Missing character: There is no d ("64) in font nullfont!
Missing character: There is no e ("65) in font nullfont!
Missing character: There is no l ("6C) in font nullfont!
Missing character: There is no i ("69) in font nullfont!
Missing character: There is no m ("6D) in font nullfont!
Missing character: There is no i ("69) in font nullfont!
Missing character: There is no n ("6E) in font nullfont!
Missing character: There is no a ("61) in font nullfont!
Missing character: There is no t ("74) in font nullfont!
Missing character: There is no e ("65) in font nullfont!
Missing character: There is no d ("64) in font nullfont!
Missing character: There is no d ("64) in font nullfont!
Missing character: There is no a ("61) in font nullfont!
Missing character: There is no t ("74) in font nullfont!
Missing character: There is no a ("61) in font nullfont!
Missing character: There is no i ("69) in font nullfont!
Missing character: There is no n ("6E) in font nullfont!
Missing character: There is no t ("74) in font nullfont!
Missing character: There is no e ("65) in font nullfont!
Missing character: There is no g ("67) in font nullfont!
Missing character: There is no r ("72) in font nullfont!
Missing character: There is no i ("69) in font nullfont!
Missing character: There is no t ("74) in font nullfont!
Missing character: There is no y ("79) in font nullfont!
Missing character: There is no i ("69) in font nullfont!
Missing character: There is no s ("73) in font nullfont!
Missing character: There is no s ("73) in font nullfont!
Missing character: There is no u ("75) in font nullfont!
Missing character: There is no e ("65) in font nullfont!
Missing character: There is no s ("73) in font nullfont!
Missing character: There is no c ("63) in font nullfont!
Missing character: There is no o ("6F) in font nullfont!
Missing character: There is no m ("6D) in font nullfont!
Missing character: There is no m ("6D) in font nullfont!
Missing character: There is no o ("6F) in font nullfont!
Missing character: There is no n ("6E) in font nullfont!
Missing character: There is no i ("69) in font nullfont!
Missing character: There is no n ("6E) in font nullfont!
Missing character: There is no n ("6E) in font nullfont!
Missing character: There is no o ("6F) in font nullfont!
Missing character: There is no n ("6E) in font nullfont!
Missing character: There is no - ("2D) in font nullfont!
Missing character: There is no i ("69) in font nullfont!
Missing character: There is no n ("6E) in font nullfont!
Missing character: There is no t ("74) in font nullfont!
Missing character: There is no e ("65) in font nullfont!
Missing character: There is no g ("67) in font nullfont!
Missing character: There is no r ("72) in font nullfont!
Missing character: There is no a ("61) in font nullfont!
Missing character: There is no t ("74) in font nullfont!
Missing character: There is no e ("65) in font nullfont!
Missing character: There is no d ("64) in font nullfont!
Missing character: There is no s ("73) in font nullfont!
Missing character: There is no y ("79) in font nullfont!
Missing character: There is no s ("73) in font nullfont!
Missing character: There is no t ("74) in font nullfont!
Missing character: There is no e ("65) in font nullfont!
Missing character: There is no m ("6D) in font nullfont!
Missing character: There is no s ("73) in font nullfont!
Missing character: There is no . ("2E) in font nullfont!
Missing character: There is no T ("54) in font nullfont!
Missing character: There is no h ("68) in font nullfont!
Missing character: There is no e ("65) in font nullfont!
Missing character: There is no R ("52) in font nullfont!
Missing character: There is no e ("65) in font nullfont!
Missing character: There is no p ("70) in font nullfont!
Missing character: There is no o ("6F) in font nullfont!
Missing character: There is no r ("72) in font nullfont!
Missing character: There is no t ("74) in font nullfont!
Missing character: There is no i ("69) in font nullfont!
Missing character: There is no n ("6E) in font nullfont!
Missing character: There is no g ("67) in font nullfont!
! Misplaced alignment tab character &.
l.7 ... in non-integrated systems. The Reporting &
                                                   Analytics module demonstr...
I can't figure out why you would want to use a tab mark
here. If you just want an ampersand, the remedy is
simple: Just type `I\&' now. But if some right brace
up above has ended a previous alignment prematurely,
you're probably due for more error messages, and you
might try typing `S' now just to see what is salvageable.

Missing character: There is no A ("41) in font nullfont!
Missing character: There is no n ("6E) in font nullfont!
Missing character: There is no a ("61) in font nullfont!
Missing character: There is no l ("6C) in font nullfont!
Missing character: There is no y ("79) in font nullfont!
Missing character: There is no t ("74) in font nullfont!
Missing character: There is no i ("69) in font nullfont!
Missing character: There is no c ("63) in font nullfont!
Missing character: There is no s ("73) in font nullfont!
Missing character: There is no m ("6D) in font nullfont!
Missing character: There is no o ("6F) in font nullfont!
Missing character: There is no d ("64) in font nullfont!
Missing character: There is no u ("75) in font nullfont!
Missing character: There is no l ("6C) in font nullfont!
Missing character: There is no e ("65) in font nullfont!
Missing character: There is no d ("64) in font nullfont!
Missing character: There is no e ("65) in font nullfont!
Missing character: There is no m ("6D) in font nullfont!
Missing character: There is no o ("6F) in font nullfont!
Missing character: There is no n ("6E) in font nullfont!
Missing character: There is no s ("73) in font nullfont!
Missing character: There is no t ("74) in font nullfont!
Missing character: There is no r ("72) in font nullfont!
Missing character: There is no a ("61) in font nullfont!
Missing character: There is no t ("74) in font nullfont!
Missing character: There is no e ("65) in font nullfont!
Missing character: There is no d ("64) in font nullfont!
Missing character: There is no t ("74) in font nullfont!
Missing character: There is no h ("68) in font nullfont!
Missing character: There is no e ("65) in font nullfont!
Missing character: There is no c ("63) in font nullfont!
Missing character: There is no a ("61) in font nullfont!
Missing character: There is no p ("70) in font nullfont!
Missing character: There is no a ("61) in font nullfont!
Missing character: There is no b ("62) in font nullfont!
Missing character: There is no i ("69) in font nullfont!
Missing character: There is no l ("6C) in font nullfont!
Missing character: There is no i ("69) in font nullfont!
Missing character: There is no t ("74) in font nullfont!
Missing character: There is no y ("79) in font nullfont!
Missing character: There is no t ("74) in font nullfont!
Missing character: There is no o ("6F) in font nullfont!
Missing character: There is no a ("61) in font nullfont!
Missing character: There is no c ("63) in font nullfont!
Missing character: There is no c ("63) in font nullfont!
Missing character: There is no u ("75) in font nullfont!
Missing character: There is no r ("72) in font nullfont!
Missing character: There is no a ("61) in font nullfont!
Missing character: There is no t ("74) in font nullfont!
Missing character: There is no e ("65) in font nullfont!
Missing character: There is no l ("6C) in font nullfont!
Missing character: There is no y ("79) in font nullfont!
Missing character: There is no c ("63) in font nullfont!
Missing character: There is no a ("61) in font nullfont!
Missing character: There is no l ("6C) in font nullfont!
Missing character: There is no c ("63) in font nullfont!
Missing character: There is no u ("75) in font nullfont!
Missing character: There is no l ("6C) in font nullfont!
Missing character: There is no a ("61) in font nullfont!
Missing character: There is no t ("74) in font nullfont!
Missing character: There is no e ("65) in font nullfont!
Missing character: There is no p ("70) in font nullfont!
Missing character: There is no r ("72) in font nullfont!
Missing character: There is no o ("6F) in font nullfont!
Missing character: There is no f ("66) in font nullfont!
Missing character: There is no i ("69) in font nullfont!
Missing character: There is no t ("74) in font nullfont!
Missing character: There is no m ("6D) in font nullfont!
Missing character: There is no a ("61) in font nullfont!
Missing character: There is no r ("72) in font nullfont!
Missing character: There is no g ("67) in font nullfont!
Missing character: There is no i ("69) in font nullfont!
Missing character: There is no n ("6E) in font nullfont!
Missing character: There is no s ("73) in font nullfont!
Missing character: There is no a ("61) in font nullfont!
Missing character: There is no n ("6E) in font nullfont!
Missing character: There is no d ("64) in font nullfont!
Missing character: There is no g ("67) in font nullfont!
Missing character: There is no e ("65) in font nullfont!
Missing character: There is no n ("6E) in font nullfont!
Missing character: There is no e ("65) in font nullfont!
Missing character: There is no r ("72) in font nullfont!
Missing character: There is no a ("61) in font nullfont!
Missing character: There is no t ("74) in font nullfont!
Missing character: There is no e ("65) in font nullfont!
Missing character: There is no v ("76) in font nullfont!
Missing character: There is no i ("69) in font nullfont!
Missing character: There is no t ("74) in font nullfont!
Missing character: There is no a ("61) in font nullfont!
Missing character: There is no l ("6C) in font nullfont!
Missing character: There is no p ("70) in font nullfont!
Missing character: There is no e ("65) in font nullfont!
Missing character: There is no r ("72) in font nullfont!
Missing character: There is no f ("66) in font nullfont!
Missing character: There is no o ("6F) in font nullfont!
Missing character: There is no r ("72) in font nullfont!
Missing character: There is no m ("6D) in font nullfont!
Missing character: There is no a ("61) in font nullfont!
Missing character: There is no n ("6E) in font nullfont!
Missing character: There is no c ("63) in font nullfont!
Missing character: There is no e ("65) in font nullfont!
Missing character: There is no r ("72) in font nullfont!
Missing character: There is no e ("65) in font nullfont!
Missing character: There is no p ("70) in font nullfont!
Missing character: There is no o ("6F) in font nullfont!
Missing character: There is no r ("72) in font nullfont!
Missing character: There is no t ("74) in font nullfont!
Missing character: There is no s ("73) in font nullfont!
Missing character: There is no d ("64) in font nullfont!
Missing character: There is no i ("69) in font nullfont!
Missing character: There is no r ("72) in font nullfont!
Missing character: There is no e ("65) in font nullfont!
Missing character: There is no c ("63) in font nullfont!
Missing character: There is no t ("74) in font nullfont!
Missing character: There is no l ("6C) in font nullfont!
Missing character: There is no y ("79) in font nullfont!
Missing character: There is no f ("66) in font nullfont!
Missing character: There is no r ("72) in font nullfont!
Missing character: There is no o ("6F) in font nullfont!
Missing character: There is no m ("6D) in font nullfont!
Missing character: There is no t ("74) in font nullfont!
Missing character: There is no h ("68) in font nullfont!
Missing character: There is no e ("65) in font nullfont!
Missing character: There is no S ("53) in font nullfont!
Missing character: There is no Q ("51) in font nullfont!
Missing character: There is no L ("4C) in font nullfont!
Missing character: There is no - ("2D) in font nullfont!
Missing character: There is no s ("73) in font nullfont!
Missing character: There is no t ("74) in font nullfont!
Missing character: There is no o ("6F) in font nullfont!
Missing character: There is no r ("72) in font nullfont!
Missing character: There is no e ("65) in font nullfont!
Missing character: There is no d ("64) in font nullfont!
Missing character: There is no t ("74) in font nullfont!
Missing character: There is no r ("72) in font nullfont!
Missing character: There is no a ("61) in font nullfont!
Missing character: There is no n ("6E) in font nullfont!
Missing character: There is no s ("73) in font nullfont!
Missing character: There is no a ("61) in font nullfont!
Missing character: There is no c ("63) in font nullfont!
Missing character: There is no t ("74) in font nullfont!
Missing character: There is no i ("69) in font nullfont!
Missing character: There is no o ("6F) in font nullfont!
Missing character: There is no n ("6E) in font nullfont!
Missing character: There is no a ("61) in font nullfont!
Missing character: There is no l ("6C) in font nullfont!
Missing character: There is no h ("68) in font nullfont!
Missing character: There is no i ("69) in font nullfont!
Missing character: There is no s ("73) in font nullfont!
Missing character: There is no t ("74) in font nullfont!
Missing character: There is no o ("6F) in font nullfont!
Missing character: There is no r ("72) in font nullfont!
Missing character: There is no y ("79) in font nullfont!
Missing character: There is no . ("2E) in font nullfont!

Overfull \hbox (20.0pt too wide) in paragraph at lines 7--8
[]
 []


! LaTeX Error: Missing \begin{document}.

See the LaTeX manual or LaTeX Companion for explanation.
Type  H <return>  for immediate help.
 ...                                              
                                                  
l.9 I
     n conclusion, this project successfully delivers a comprehensive, web-b...

You're in trouble here.  Try typing  <return>  to proceed.
If that doesn't work, type  X <return>  to quit.

Missing character: There is no I ("49) in font nullfont!
Missing character: There is no n ("6E) in font nullfont!
Missing character: There is no c ("63) in font nullfont!
Missing character: There is no o ("6F) in font nullfont!
Missing character: There is no n ("6E) in font nullfont!
Missing character: There is no c ("63) in font nullfont!
Missing character: There is no l ("6C) in font nullfont!
Missing character: There is no u ("75) in font nullfont!
Missing character: There is no s ("73) in font nullfont!
Missing character: There is no i ("69) in font nullfont!
Missing character: There is no o ("6F) in font nullfont!
Missing character: There is no n ("6E) in font nullfont!
Missing character: There is no , ("2C) in font nullfont!
Missing character: There is no t ("74) in font nullfont!
Missing character: There is no h ("68) in font nullfont!
Missing character: There is no i ("69) in font nullfont!
Missing character: There is no s ("73) in font nullfont!
Missing character: There is no p ("70) in font nullfont!
Missing character: There is no r ("72) in font nullfont!
Missing character: There is no o ("6F) in font nullfont!
Missing character: There is no j ("6A) in font nullfont!
Missing character: There is no e ("65) in font nullfont!
Missing character: There is no c ("63) in font nullfont!
Missing character: There is no t ("74) in font nullfont!
Missing character: There is no s ("73) in font nullfont!
Missing character: There is no u ("75) in font nullfont!
Missing character: There is no c ("63) in font nullfont!
Missing character: There is no c ("63) in font nullfont!
Missing character: There is no e ("65) in font nullfont!
Missing character: There is no s ("73) in font nullfont!
Missing character: There is no s ("73) in font nullfont!
Missing character: There is no f ("66) in font nullfont!
Missing character: There is no u ("75) in font nullfont!
Missing character: There is no l ("6C) in font nullfont!
Missing character: There is no l ("6C) in font nullfont!
Missing character: There is no y ("79) in font nullfont!
Missing character: There is no d ("64) in font nullfont!
Missing character: There is no e ("65) in font nullfont!
Missing character: There is no l ("6C) in font nullfont!
Missing character: There is no i ("69) in font nullfont!
Missing character: There is no v ("76) in font nullfont!
Missing character: There is no e ("65) in font nullfont!
Missing character: There is no r ("72) in font nullfont!
Missing character: There is no s ("73) in font nullfont!
Missing character: There is no a ("61) in font nullfont!
Missing character: There is no c ("63) in font nullfont!
Missing character: There is no o ("6F) in font nullfont!
Missing character: There is no m ("6D) in font nullfont!
Missing character: There is no p ("70) in font nullfont!
Missing character: There is no r ("72) in font nullfont!
Missing character: There is no e ("65) in font nullfont!
Missing character: There is no h ("68) in font nullfont!
Missing character: There is no e ("65) in font nullfont!
Missing character: There is no n ("6E) in font nullfont!
Missing character: There is no s ("73) in font nullfont!
Missing character: There is no i ("69) in font nullfont!
Missing character: There is no v ("76) in font nullfont!
Missing character: There is no e ("65) in font nullfont!
Missing character: There is no , ("2C) in font nullfont!
Missing character: There is no w ("77) in font nullfont!
Missing character: There is no e ("65) in font nullfont!
Missing character: There is no b ("62) in font nullfont!
Missing character: There is no - ("2D) in font nullfont!
Missing character: There is no b ("62) in font nullfont!
Missing character: There is no a ("61) in font nullfont!
Missing character: There is no s ("73) in font nullfont!
Missing character: There is no e ("65) in font nullfont!
Missing character: There is no d ("64) in font nullfont!
Missing character: There is no E ("45) in font nullfont!
Missing character: There is no R ("52) in font nullfont!
Missing character: There is no P ("50) in font nullfont!
Missing character: There is no s ("73) in font nullfont!
Missing character: There is no o ("6F) in font nullfont!
Missing character: There is no l ("6C) in font nullfont!
Missing character: There is no u ("75) in font nullfont!
Missing character: There is no t ("74) in font nullfont!
Missing character: There is no i ("69) in font nullfont!
Missing character: There is no o ("6F) in font nullfont!
Missing character: There is no n ("6E) in font nullfont!
Missing character: There is no t ("74) in font nullfont!
Missing character: There is no h ("68) in font nullfont!
Missing character: There is no a ("61) in font nullfont!
Missing character: There is no t ("74) in font nullfont!
Missing character: There is no l ("6C) in font nullfont!
Missing character: There is no e ("65) in font nullfont!
Missing character: There is no v ("76) in font nullfont!
Missing character: There is no e ("65) in font nullfont!
Missing character: There is no r ("72) in font nullfont!
Missing character: There is no a ("61) in font nullfont!
Missing character: There is no g ("67) in font nullfont!
Missing character: There is no e ("65) in font nullfont!
Missing character: There is no s ("73) in font nullfont!
Missing character: There is no r ("72) in font nullfont!
Missing character: There is no e ("65) in font nullfont!
Missing character: There is no l ("6C) in font nullfont!
Missing character: There is no a ("61) in font nullfont!
Missing character: There is no t ("74) in font nullfont!
Missing character: There is no i ("69) in font nullfont!
Missing character: There is no o ("6F) in font nullfont!
Missing character: There is no n ("6E) in font nullfont!
Missing character: There is no a ("61) in font nullfont!
Missing character: There is no l ("6C) in font nullfont!
Missing character: There is no d ("64) in font nullfont!
Missing character: There is no a ("61) in font nullfont!
Missing character: There is no t ("74) in font nullfont!
Missing character: There is no a ("61) in font nullfont!
Missing character: There is no b ("62) in font nullfont!
Missing character: There is no a ("61) in font nullfont!
Missing character: There is no s ("73) in font nullfont!
Missing character: There is no e ("65) in font nullfont!
Missing character: There is no t ("74) in font nullfont!
Missing character: There is no e ("65) in font nullfont!
Missing character: There is no c ("63) in font nullfont!
Missing character: There is no h ("68) in font nullfont!
Missing character: There is no n ("6E) in font nullfont!
Missing character: There is no o ("6F) in font nullfont!
Missing character: There is no l ("6C) in font nullfont!
Missing character: There is no o ("6F) in font nullfont!
Missing character: There is no g ("67) in font nullfont!
Missing character: There is no y ("79) in font nullfont!
Missing character: There is no ( ("28) in font nullfont!
Missing character: There is no S ("53) in font nullfont!
Missing character: There is no Q ("51) in font nullfont!
Missing character: There is no L ("4C) in font nullfont!
Missing character: There is no ) ("29) in font nullfont!
Missing character: There is no t ("74) in font nullfont!
Missing character: There is no o ("6F) in font nullfont!
Missing character: There is no e ("65) in font nullfont!
Missing character: There is no s ("73) in font nullfont!
Missing character: There is no t ("74) in font nullfont!
Missing character: There is no a ("61) in font nullfont!
Missing character: There is no b ("62) in font nullfont!
Missing character: There is no l ("6C) in font nullfont!
Missing character: There is no i ("69) in font nullfont!
Missing character: There is no s ("73) in font nullfont!
Missing character: There is no h ("68) in font nullfont!
Missing character: There is no d ("64) in font nullfont!
Missing character: There is no a ("61) in font nullfont!
Missing character: There is no t ("74) in font nullfont!
Missing character: There is no a ("61) in font nullfont!
Missing character: There is no i ("69) in font nullfont!
Missing character: There is no n ("6E) in font nullfont!
Missing character: There is no t ("74) in font nullfont!
Missing character: There is no e ("65) in font nullfont!
Missing character: There is no g ("67) in font nullfont!
Missing character: There is no r ("72) in font nullfont!
Missing character: There is no i ("69) in font nullfont!
Missing character: There is no t ("74) in font nullfont!
Missing character: There is no y ("79) in font nullfont!
Missing character: There is no a ("61) in font nullfont!
Missing character: There is no n ("6E) in font nullfont!
Missing character: There is no d ("64) in font nullfont!
Missing character: There is no p ("70) in font nullfont!
Missing character: There is no r ("72) in font nullfont!
Missing character: There is no o ("6F) in font nullfont!
Missing character: There is no v ("76) in font nullfont!
Missing character: There is no i ("69) in font nullfont!
Missing character: There is no d ("64) in font nullfont!
Missing character: There is no e ("65) in font nullfont!
Missing character: There is no s ("73) in font nullfont!
Missing character: There is no s ("73) in font nullfont!
Missing character: There is no i ("69) in font nullfont!
Missing character: There is no g ("67) in font nullfont!
Missing character: There is no n ("6E) in font nullfont!
Missing character: There is no i ("69) in font nullfont!
Missing character: There is no f ("66) in font nullfont!
Missing character: There is no i ("69) in font nullfont!
Missing character: There is no c ("63) in font nullfont!
Missing character: There is no a ("61) in font nullfont!
Missing character: There is no n ("6E) in font nullfont!
Missing character: There is no t ("74) in font nullfont!
Missing character: There is no b ("62) in font nullfont!
Missing character: There is no e ("65) in font nullfont!
Missing character: There is no n ("6E) in font nullfont!
Missing character: There is no e ("65) in font nullfont!
Missing character: There is no f ("66) in font nullfont!
Missing character: There is no i ("69) in font nullfont!
Missing character: There is no t ("74) in font nullfont!
Missing character: There is no s ("73) in font nullfont!
Missing character: There is no i ("69) in font nullfont!
Missing character: There is no n ("6E) in font nullfont!
Missing character: There is no p ("70) in font nullfont!
Missing character: There is no r ("72) in font nullfont!
Missing character: There is no o ("6F) in font nullfont!
Missing character: There is no c ("63) in font nullfont!
Missing character: There is no e ("65) in font nullfont!
Missing character: There is no s ("73) in font nullfont!
Missing character: There is no s ("73) in font nullfont!
Missing character: There is no a ("61) in font nullfont!
Missing character: There is no u ("75) in font nullfont!
Missing character: There is no t ("74) in font nullfont!
Missing character: There is no o ("6F) in font nullfont!
Missing character: There is no m ("6D) in font nullfont!
Missing character: There is no a ("61) in font nullfont!
Missing character: There is no t ("74) in font nullfont!
Missing character: There is no i ("69) in font nullfont!
Missing character: There is no o ("6F) in font nullfont!
Missing character: There is no n ("6E) in font nullfont!
Missing character: There is no , ("2C) in font nullfont!
Missing character: There is no i ("69) in font nullfont!
Missing character: There is no n ("6E) in font nullfont!
Missing character: There is no v ("76) in font nullfont!
Missing character: There is no e ("65) in font nullfont!
Missing character: There is no n ("6E) in font nullfont!
Missing character: There is no t ("74) in font nullfont!
Missing character: There is no o ("6F) in font nullfont!
Missing character: There is no r ("72) in font nullfont!
Missing character: There is no y ("79) in font nullfont!
Missing character: There is no a ("61) in font nullfont!
Missing character: There is no c ("63) in font nullfont!
Missing character: There is no c ("63) in font nullfont!
Missing character: There is no u ("75) in font nullfont!
Missing character: There is no r ("72) in font nullfont!
Missing character: There is no a ("61) in font nullfont!
Missing character: There is no c ("63) in font nullfont!
Missing character: There is no y ("79) in font nullfont!
Missing character: There is no , ("2C) in font nullfont!
Missing character: There is no a ("61) in font nullfont!
Missing character: There is no n ("6E) in font nullfont!
Missing character: There is no d ("64) in font nullfont!
Missing character: There is no m ("6D) in font nullfont!
Missing character: There is no a ("61) in font nullfont!
Missing character: There is no n ("6E) in font nullfont!
Missing character: There is no a ("61) in font nullfont!
Missing character: There is no g ("67) in font nullfont!
Missing character: There is no e ("65) in font nullfont!
Missing character: There is no r ("72) in font nullfont!
Missing character: There is no i ("69) in font nullfont!
Missing character: There is no a ("61) in font nullfont!
Missing character: There is no l ("6C) in font nullfont!
Missing character: There is no d ("64) in font nullfont!
Missing character: There is no e ("65) in font nullfont!
Missing character: There is no c ("63) in font nullfont!
Missing character: There is no i ("69) in font nullfont!
Missing character: There is no s ("73) in font nullfont!
Missing character: There is no i ("69) in font nullfont!
Missing character: There is no o ("6F) in font nullfont!
Missing character: There is no n ("6E) in font nullfont!
Missing character: There is no - ("2D) in font nullfont!
Missing character: There is no m ("6D) in font nullfont!
Missing character: There is no a ("61) in font nullfont!
Missing character: There is no k ("6B) in font nullfont!
Missing character: There is no i ("69) in font nullfont!
Missing character: There is no n ("6E) in font nullfont!
Missing character: There is no g ("67) in font nullfont!
Missing character: There is no c ("63) in font nullfont!
Missing character: There is no a ("61) in font nullfont!
Missing character: There is no p ("70) in font nullfont!
Missing character: There is no a ("61) in font nullfont!
Missing character: There is no c ("63) in font nullfont!
Missing character: There is no i ("69) in font nullfont!
Missing character: There is no t ("74) in font nullfont!
Missing character: There is no y ("79) in font nullfont!
Missing character: There is no f ("66) in font nullfont!
Missing character: There is no o ("6F) in font nullfont!
Missing character: There is no r ("72) in font nullfont!
Missing character: There is no s ("73) in font nullfont!
Missing character: There is no c ("63) in font nullfont!
Missing character: There is no a ("61) in font nullfont!
Missing character: There is no l ("6C) in font nullfont!
Missing character: There is no i ("69) in font nullfont!
Missing character: There is no n ("6E) in font nullfont!
Missing character: There is no g ("67) in font nullfont!
Missing character: There is no b ("62) in font nullfont!
Missing character: There is no u ("75) in font nullfont!
Missing character: There is no s ("73) in font nullfont!
Missing character: There is no i ("69) in font nullfont!
Missing character: There is no n ("6E) in font nullfont!
Missing character: There is no e ("65) in font nullfont!
Missing character: There is no s ("73) in font nullfont!
Missing character: There is no s ("73) in font nullfont!
Missing character: There is no e ("65) in font nullfont!
Missing character: There is no s ("73) in font nullfont!
Missing character: There is no . ("2E) in font nullfont!
)
! Emergency stop.
<*> abstractENG.tex
                   
*** (job aborted, no legal \end found)

 
Here is how much of TeX's memory you used:
 13 strings out of 473832
 274 string characters out of 5729481
 386380 words of memory out of 5000000
 23180 multiletter control sequences out of 15000+600000
 558837 words of font info for 36 fonts, out of 8000000 for 9000
 1348 hyphenation exceptions out of 8191
 15i,0n,20p,755b,14s stack positions out of 10000i,1000n,20000p,200000b,200000s
No pages of output.
